0 0 1
0 0 1
0 0 1
0 0 1
0 0 1
0 0 1
0 0 1
0 0 1
0 0 1
0 0 1
0 0 1
0 0 1
0 0 1
0 0 1
0 0 1
0 0 1
0 0 1
0 0 1
0 0 1
0 0 1
0 0 1
0 0 1
0 0 1
0 0 1
0 0 1
0 0 1
-0 0 1
-0 0 1
-0 0 1
-0 0 1
-0 0 1
-0 0 1
-0 0 1
-0 0 1
-0 0 1
-0 0 1
-0 0 1
-0 0 1
-0 0 1
-0 0 1
-0 0 1
-0 0 1
-0 0 1
-0 0 1
-0 0 1
-0 0 1
-0 0 1
-0 0 1
-0 0 1
-0 0 1
-0 0 1
-0 -0 1
-0 -0 1
-0 -0 1
-0 -0 1
-0 -0 1
-0 -0 1
-0 -0 1
-0 -0 1
-0 -0 1
-0 -0 1
-0 -0 1
-0 -0 1
-0 -0 1
-0 -0 1
-0 -0 1
-0 -0 1
-0 -0 1
-0 -0 1
-0 -0 1
-0 -0 1
-0 -0 1
-0 -0 1
-0 -0 1
-0 -0 1
-0 -0 1
0 -0 1
0 -0 1
0 -0 1
0 -0 1
0 -0 1
0 -0 1
0 -0 1
0 -0 1
0 -0 1
0 -0 1
0 -0 1
0 -0 1
0 -0 1
0 -0 1
0 -0 1
0 -0 1
0 -0 1
0 -0 1
0 -0 1
0 -0 1
0 -0 1
0 -0 1
0 -0 1
0 -0 1
0 -0 1

0.0314108 0 0.999507
0.0313488 0.0019723 0.999507
0.0311631 0.00393681 0.999507
0.0308544 0.00588579 0.999507
0.0304239 0.00781154 0.999507
0.0298734 0.00970646 0.999507
0.029205 0.0115631 0.999507
0.0284213 0.0133741 0.999507
0.0275255 0.0151322 0.999507
0.026521 0.0168307 0.999507
0.0254118 0.0184628 0.999507
0.0242024 0.020022 0.999507
0.0228975 0.0215021 0.999507
0.0215021 0.0228975 0.999507
0.020022 0.0242024 0.999507
0.0184628 0.0254118 0.999507
0.0168307 0.026521 0.999507
0.0151322 0.0275255 0.999507
0.0133741 0.0284213 0.999507
0.0115631 0.029205 0.999507
0.00970646 0.0298734 0.999507
0.00781154 0.0304239 0.999507
0.00588579 0.0308544 0.999507
0.00393681 0.0311631 0.999507
0.0019723 0.0313488 0.999507
1.92335e-18 0.0314108 0.999507
-0.0019723 0.0313488 0.999507
-0.00393681 0.0311631 0.999507
-0.00588579 0.0308544 0.999507
-0.00781154 0.0304239 0.999507
-0.00970646 0.0298734 0.999507
-0.0115631 0.029205 0.999507
-0.0133741 0.0284213 0.999507
-0.0151322 0.0275255 0.999507
-0.0168307 0.026521 0.999507
-0.0184628 0.0254118 0.999507
-0.020022 0.0242024 0.999507
-0.0215021 0.0228975 0.999507
-0.0228975 0.0215021 0.999507
-0.0242024 0.020022 0.999507
-0.0254118 0.0184628 0.999507
-0.026521 0.0168307 0.999507
-0.0275255 0.0151322 0.999507
-0.0284213 0.0133741 0.999507
-0.029205 0.0115631 0.999507
-0.0298734 0.00970646 0.999507
-0.0304239 0.00781154 0.999507
-0.0308544 0.00588579 0.999507
-0.0311631 0.00393681 0.999507
-0.0313488 0.0019723 0.999507
-0.0314108 3.84671e-18 0.999507
-0.0313488 -0.0019723 0.999507
-0.0311631 -0.00393681 0.999507
-0.0308544 -0.00588579 0.999507
-0.0304239 -0.00781154 0.999507
-0.0298734 -0.00970646 0.999507
-0.029205 -0.0115631 0.999507
-0.0284213 -0.0133741 0.999507
-0.0275255 -0.0151322 0.999507
-0.026521 -0.0168307 0.999507
-0.0254118 -0.0184628 0.999507
-0.0242024 -0.020022 0.999507
-0.0228975 -0.0215021 0.999507
-0.0215021 -0.0228975 0.999507
-0.020022 -0.0242024 0.999507
-0.0184628 -0.0254118 0.999507
-0.0168307 -0.026521 0.999507
-0.0151322 -0.0275255 0.999507
-0.0133741 -0.0284213 0.999507
-0.0115631 -0.029205 0.999507
-0.00970646 -0.0298734 0.999507
-0.00781154 -0.0304239 0.999507
-0.00588579 -0.0308544 0.999507
-0.00393681 -0.0311631 0.999507
-0.0019723 -0.0313488 0.999507
-5.77006e-18 -0.0314108 0.999507
0.0019723 -0.0313488 0.999507
0.00393681 -0.0311631 0.999507
0.00588579 -0.0308544 0.999507
0.00781154 -0.0304239 0.999507
0.00970646 -0.0298734 0.999507
0.0115631 -0.029205 0.999507
0.0133741 -0.0284213 0.999507
0.0151322 -0.0275255 0.999507
0.0168307 -0.026521 0.999507
0.0184628 -0.0254118 0.999507
0.020022 -0.0242024 0.999507
0.0215021 -0.0228975 0.999507
0.0228975 -0.0215021 0.999507
0.0242024 -0.020022 0.999507
0.0254118 -0.0184628 0.999507
0.026521 -0.0168307 0.999507
0.0275255 -0.0151322 0.999507
0.0284213 -0.0133741 0.999507
0.029205 -0.0115631 0.999507
0.0298734 -0.00970646 0.999507
0.0304239 -0.00781154 0.999507
0.0308544 -0.00588579 0.999507
0.0311631 -0.00393681 0.999507
0.0313488 -0.0019723 0.999507
0.0314108 -7.69342e-18 0.999507

0.0627905 0 0.998027
0.0626666 0.00394265 0.998027
0.0622954 0.00786974 0.998027
0.0616783 0.0117658 0.998027
0.0608178 0.0156154 0.998027
0.0597173 0.0194033 0.998027
0.0583811 0.0231147 0.998027
0.0568146 0.0267349 0.998027
0.0550238 0.0302496 0.998027
0.0530158 0.0336448 0.998027
0.0507986 0.0369073 0.998027
0.0483809 0.0400242 0.998027
0.0457723 0.0429831 0.998027
0.0429831 0.0457723 0.998027
0.0400242 0.0483809 0.998027
0.0369073 0.0507986 0.998027
0.0336448 0.0530158 0.998027
0.0302496 0.0550238 0.998027
0.0267349 0.0568146 0.998027
0.0231147 0.0583811 0.998027
0.0194033 0.0597173 0.998027
0.0156154 0.0608178 0.998027
0.0117658 0.0616783 0.998027
0.00786974 0.0622954 0.998027
0.00394265 0.0626666 0.998027
3.84481e-18 0.0627905 0.998027
-0.00394265 0.0626666 0.998027
-0.00786974 0.0622954 0.998027
-0.0117658 0.0616783 0.998027
-0.0156154 0.0608178 0.998027
-0.0194033 0.0597173 0.998027
-0.0231147 0.0583811 0.998027
-0.0267349 0.0568146 0.998027
-0.0302496 0.0550238 0.998027
-0.0336448 0.0530158 0.998027
-0.0369073 0.0507986 0.998027
-0.0400242 0.0483809 0.998027
-0.0429831 0.0457723 0.998027
-0.0457723 0.0429831 0.998027
-0.0483809 0.0400242 0.998027
-0.0507986 0.0369073 0.998027
-0.0530158 0.0336448 0.998027
-0.0550238 0.0302496 0.998027
-0.0568146 0.0267349 0.998027
-0.0583811 0.0231147 0.998027
-0.0597173 0.0194033 0.998027
-0.0608178 0.0156154 0.998027
-0.0616783 0.0117658 0.998027
-0.0622954 0.00786974 0.998027
-0.0626666 0.00394265 0.998027
-0.0627905 7.68962e-18 0.998027
-0.0626666 -0.00394265 0.998027
-0.0622954 -0.00786974 0.998027
-0.0616783 -0.0117658 0.998027
-0.0608178 -0.0156154 0.998027
-0.0597173 -0.0194033 0.998027
-0.0583811 -0.0231147 0.998027
-0.0568146 -0.0267349 0.998027
-0.0550238 -0.0302496 0.998027
-0.0530158 -0.0336448 0.998027
-0.0507986 -0.0369073 0.998027
-0.0483809 -0.0400242 0.998027
-0.0457723 -0.0429831 0.998027
-0.0429831 -0.0457723 0.998027
-0.0400242 -0.0483809 0.998027
-0.0369073 -0.0507986 0.998027
-0.0336448 -0.0530158 0.998027
-0.0302496 -0.0550238 0.998027
-0.0267349 -0.0568146 0.998027
-0.0231147 -0.0583811 0.998027
-0.0194033 -0.0597173 0.998027
-0.0156154 -0.0608178 0.998027
-0.0117658 -0.0616783 0.998027
-0.00786974 -0.0622954 0.998027
-0.00394265 -0.0626666 0.998027
-1.15344e-17 -0.0627905 0.998027
0.00394265 -0.0626666 0.998027
0.00786974 -0.0622954 0.998027
0.0117658 -0.0616783 0.998027
0.0156154 -0.0608178 0.998027
0.0194033 -0.0597173 0.998027
0.0231147 -0.0583811 0.998027
0.0267349 -0.0568146 0.998027
0.0302496 -0.0550238 0.998027
0.0336448 -0.0530158 0.998027
0.0369073 -0.0507986 0.998027
0.0400242 -0.0483809 0.998027
0.0429831 -0.0457723 0.998027
0.0457723 -0.0429831 0.998027
0.0483809 -0.0400242 0.998027
0.0507986 -0.0369073 0.998027
0.0530158 -0.0336448 0.998027
0.0550238 -0.0302496 0.998027
0.0568146 -0.0267349 0.998027
0.0583811 -0.0231147 0.998027
0.0597173 -0.0194033 0.998027
0.0608178 -0.0156154 0.998027
0.0616783 -0.0117658 0.998027
0.0622954 -0.00786974 0.998027
0.0626666 -0.00394265 0.998027
0.0627905 -1.53792e-17 0.998027

0.0941083 0 0.995562
0.0939226 0.00590911 0.995562
0.0933662 0.0117949 0.995562
0.0924414 0.0176341 0.995562
0.0911517 0.0234038 0.995562
0.0895023 0.0290811 0.995562
0.0874997 0.0346436 0.995562
0.0851517 0.0400694 0.995562
0.0824677 0.045337 0.995562
0.0794583 0.0504258 0.995562
0.0761352 0.0553155 0.995562
0.0725117 0.0599869 0.995562
0.068602 0.0644216 0.995562
0.0644216 0.068602 0.995562
0.0599869 0.0725117 0.995562
0.0553155 0.0761352 0.995562
0.0504258 0.0794583 0.995562
0.045337 0.0824677 0.995562
0.0400694 0.0851517 0.995562
0.0346436 0.0874997 0.995562
0.0290811 0.0895023 0.995562
0.0234038 0.0911517 0.995562
0.0176341 0.0924414 0.995562
0.0117949 0.0933662 0.995562
0.00590911 0.0939226 0.995562
5.76247e-18 0.0941083 0.995562
-0.00590911 0.0939226 0.995562
-0.0117949 0.0933662 0.995562
-0.0176341 0.0924414 0.995562
-0.0234038 0.0911517 0.995562
-0.0290811 0.0895023 0.995562
-0.0346436 0.0874997 0.995562
-0.0400694 0.0851517 0.995562
-0.045337 0.0824677 0.995562
-0.0504258 0.0794583 0.995562
-0.0553155 0.0761352 0.995562
-0.0599869 0.0725117 0.995562
-0.0644216 0.068602 0.995562
-0.068602 0.0644216 0.995562
-0.0725117 0.0599869 0.995562
-0.0761352 0.0553155 0.995562
-0.0794583 0.0504258 0.995562
-0.0824677 0.045337 0.995562
-0.0851517 0.0400694 0.995562
-0.0874997 0.0346436 0.995562
-0.0895023 0.0290811 0.995562
-0.0911517 0.0234038 0.995562
-0.0924414 0.0176341 0.995562
-0.0933662 0.0117949 0.995562
-0.0939226 0.00590911 0.995562
-0.0941083 1.15249e-17 0.995562
-0.0939226 -0.00590911 0.995562
-0.0933662 -0.0117949 0.995562
-0.0924414 -0.0176341 0.995562
-0.0911517 -0.0234038 0.995562
-0.0895023 -0.0290811 0.995562
-0.0874997 -0.0346436 0.995562
-0.0851517 -0.0400694 0.995562
-0.0824677 -0.045337 0.995562
-0.0794583 -0.0504258 0.995562
-0.0761352 -0.0553155 0.995562
-0.0725117 -0.0599869 0.995562
-0.068602 -0.0644216 0.995562
-0.0644216 -0.068602 0.995562
-0.0599869 -0.0725117 0.995562
-0.0553155 -0.0761352 0.995562
-0.0504258 -0.0794583 0.995562
-0.045337 -0.0824677 0.995562
-0.0400694 -0.0851517 0.995562
-0.0346436 -0.0874997 0.995562
-0.0290811 -0.0895023 0.995562
-0.0234038 -0.0911517 0.995562
-0.0176341 -0.0924414 0.995562
-0.0117949 -0.0933662 0.995562
-0.00590911 -0.0939226 0.995562
-1.72874e-17 -0.0941083 0.995562
0.00590911 -0.0939226 0.995562
0.0117949 -0.0933662 0.995562
0.0176341 -0.0924414 0.995562
0.0234038 -0.0911517 0.995562
0.0290811 -0.0895023 0.995562
0.0346436 -0.0874997 0.995562
0.0400694 -0.0851517 0.995562
0.045337 -0.0824677 0.995562
0.0504258 -0.0794583 0.995562
0.0553155 -0.0761352 0.995562
0.0599869 -0.0725117 0.995562
0.0644216 -0.068602 0.995562
0.068602 -0.0644216 0.995562
0.0725117 -0.0599869 0.995562
0.0761352 -0.0553155 0.995562
0.0794583 -0.0504258 0.995562
0.0824677 -0.045337 0.995562
0.0851517 -0.0400694 0.995562
0.0874997 -0.0346436 0.995562
0.0895023 -0.0290811 0.995562
0.0911517 -0.0234038 0.995562
0.0924414 -0.0176341 0.995562
0.0933662 -0.0117949 0.995562
0.0939226 -0.00590911 0.995562
0.0941083 -2.30499e-17 0.995562

0.125333 0 0.992115
0.125086 0.00786974 0.992115
0.124345 0.0157084 0.992115
0.123113 0.0234851 0.992115
0.121396 0.0311691 0.992115
0.119199 0.0387301 0.992115
0.116532 0.0461382 0.992115
0.113405 0.0533643 0.992115
0.10983 0.0603797 0.992115
0.105822 0.0671569 0.992115
0.101397 0.073669 0.992115
0.0965709 0.0798904 0.992115
0.091364 0.0857965 0.992115
0.0857965 0.091364 0.992115
0.0798904 0.0965709 0.992115
0.073669 0.101397 0.992115
0.0671569 0.105822 0.992115
0.0603797 0.10983 0.992115
0.0533643 0.113405 0.992115
0.0461382 0.116532 0.992115
0.0387301 0.119199 0.992115
0.0311691 0.121396 0.992115
0.0234851 0.123113 0.992115
0.0157084 0.124345 0.992115
0.00786974 0.125086 0.992115
7.67445e-18 0.125333 0.992115
-0.00786974 0.125086 0.992115
-0.0157084 0.124345 0.992115
-0.0234851 0.123113 0.992115
-0.0311691 0.121396 0.992115
-0.0387301 0.119199 0.992115
-0.0461382 0.116532 0.992115
-0.0533643 0.113405 0.992115
-0.0603797 0.10983 0.992115
-0.0671569 0.105822 0.992115
-0.073669 0.101397 0.992115
-0.0798904 0.0965709 0.992115
-0.0857965 0.091364 0.992115
-0.091364 0.0857965 0.992115
-0.0965709 0.0798904 0.992115
-0.101397 0.073669 0.992115
-0.105822 0.0671569 0.992115
-0.10983 0.0603797 0.992115
-0.113405 0.0533643 0.992115
-0.116532 0.0461382 0.992115
-0.119199 0.0387301 0.992115
-0.121396 0.0311691 0.992115
-0.123113 0.0234851 0.992115
-0.124345 0.0157084 0.992115
-0.125086 0.00786974 0.992115
-0.125333 1.53489e-17 0.992115
-0.125086 -0.00786974 0.992115
-0.124345 -0.0157084 0.992115
-0.123113 -0.0234851 0.992115
-0.121396 -0.0311691 0.992115
-0.119199 -0.0387301 0.992115
-0.116532 -0.0461382 0.992115
-0.113405 -0.0533643 0.992115
-0.10983 -0.0603797 0.992115
-0.105822 -0.0671569 0.992115
-0.101397 -0.073669 0.992115
-0.0965709 -0.0798904 0.992115
-0.091364 -0.0857965 0.992115
-0.0857965 -0.091364 0.992115
-0.0798904 -0.0965709 0.992115
-0.073669 -0.101397 0.992115
-0.0671569 -0.105822 0.992115
-0.0603797 -0.10983 0.992115
-0.0533643 -0.113405 0.992115
-0.0461382 -0.116532 0.992115
-0.0387301 -0.119199 0.992115
-0.0311691 -0.121396 0.992115
-0.0234851 -0.123113 0.992115
-0.0157084 -0.124345 0.992115
-0.00786974 -0.125086 0.992115
-2.30233e-17 -0.125333 0.992115
0.00786974 -0.125086 0.992115
0.0157084 -0.124345 0.992115
0.0234851 -0.123113 0.992115
0.0311691 -0.121396 0.992115
0.0387301 -0.119199 0.992115
0.0461382 -0.116532 0.992115
0.0533643 -0.113405 0.992115
0.0603797 -0.10983 0.992115
0.0671569 -0.105822 0.992115
0.073669 -0.101397 0.992115
0.0798904 -0.0965709 0.992115
0.0857965 -0.091364 0.992115
0.091364 -0.0857965 0.992115
0.0965709 -0.0798904 0.992115
0.101397 -0.073669 0.992115
0.105822 -0.0671569 0.992115
0.10983 -0.0603797 0.992115
0.113405 -0.0533643 0.992115
0.116532 -0.0461382 0.992115
0.119199 -0.0387301 0.992115
0.121396 -0.0311691 0.992115
0.123113 -0.0234851 0.992115
0.124345 -0.0157084 0.992115
0.125086 -0.00786974 0.992115
0.125333 -3.06978e-17 0.992115

0.156434 0 0.987688
0.156126 0.0098226 0.987688
0.155201 0.0196064 0.987688
0.153664 0.0293129 0.987688
0.15152 0.0389037 0.987688
0.148778 0.0483409 0.987688
0.145449 0.0575874 0.987688
0.141546 0.0666066 0.987688
0.137085 0.0753629 0.987688
0.132082 0.0838218 0.987688
0.126558 0.0919499 0.987688
0.120535 0.0997151 0.987688
0.114036 0.107087 0.987688
0.107087 0.114036 0.987688
0.0997151 0.120535 0.987688
0.0919499 0.126558 0.987688
0.0838218 0.132082 0.987688
0.0753629 0.137085 0.987688
0.0666066 0.141546 0.987688
0.0575874 0.145449 0.987688
0.0483409 0.148778 0.987688
0.0389037 0.15152 0.987688
0.0293129 0.153664 0.987688
0.0196064 0.155201 0.987688
0.0098226 0.156126 0.987688
9.57885e-18 0.156434 0.987688
-0.0098226 0.156126 0.987688
-0.0196064 0.155201 0.987688
-0.0293129 0.153664 0.987688
-0.0389037 0.15152 0.987688
-0.0483409 0.148778 0.987688
-0.0575874 0.145449 0.987688
-0.0666066 0.141546 0.987688
-0.0753629 0.137085 0.987688
-0.0838218 0.132082 0.987688
-0.0919499 0.126558 0.987688
-0.0997151 0.120535 0.987688
-0.107087 0.114036 0.987688
-0.114036 0.107087 0.987688
-0.120535 0.0997151 0.987688
-0.126558 0.0919499 0.987688
-0.132082 0.0838218 0.987688
-0.137085 0.0753629 0.987688
-0.141546 0.0666066 0.987688
-0.145449 0.0575874 0.987688
-0.148778 0.0483409 0.987688
-0.15152 0.0389037 0.987688
-0.153664 0.0293129 0.987688
-0.155201 0.0196064 0.987688
-0.156126 0.0098226 0.987688
-0.156434 1.91577e-17 0.987688
-0.156126 -0.0098226 0.987688
-0.155201 -0.0196064 0.987688
-0.153664 -0.0293129 0.987688
-0.15152 -0.0389037 0.987688
-0.148778 -0.0483409 0.987688
-0.145449 -0.0575874 0.987688
-0.141546 -0.0666066 0.987688
-0.137085 -0.0753629 0.987688
-0.132082 -0.0838218 0.987688
-0.126558 -0.0919499 0.987688
-0.120535 -0.0997151 0.987688
-0.114036 -0.107087 0.987688
-0.107087 -0.114036 0.987688
-0.0997151 -0.120535 0.987688
-0.0919499 -0.126558 0.987688
-0.0838218 -0.132082 0.987688
-0.0753629 -0.137085 0.987688
-0.0666066 -0.141546 0.987688
-0.0575874 -0.145449 0.987688
-0.0483409 -0.148778 0.987688
-0.0389037 -0.15152 0.987688
-0.0293129 -0.153664 0.987688
-0.0196064 -0.155201 0.987688
-0.0098226 -0.156126 0.987688
-2.87365e-17 -0.156434 0.987688
0.0098226 -0.156126 0.987688
0.0196064 -0.155201 0.987688
0.0293129 -0.153664 0.987688
0.0389037 -0.15152 0.987688
0.0483409 -0.148778 0.987688
0.0575874 -0.145449 0.987688
0.0666066 -0.141546 0.987688
0.0753629 -0.137085 0.987688
0.0838218 -0.132082 0.987688
0.0919499 -0.126558 0.987688
0.0997151 -0.120535 0.987688
0.107087 -0.114036 0.987688
0.114036 -0.107087 0.987688
0.120535 -0.0997151 0.987688
0.126558 -0.0919499 0.987688
0.132082 -0.0838218 0.987688
0.137085 -0.0753629 0.987688
0.141546 -0.0666066 0.987688
0.145449 -0.0575874 0.987688
0.148778 -0.0483409 0.987688
0.15152 -0.0389037 0.987688
0.153664 -0.0293129 0.987688
0.155201 -0.0196064 0.987688
0.156126 -0.0098226 0.987688
0.156434 -3.83154e-17 0.987688

0.187381 0 0.982287
0.187012 0.0117658 0.982287
0.185904 0.0234851 0.982287
0.184062 0.0351118 0.982287
0.181494 0.0465998 0.982287
0.17821 0.057904 0.982287
0.174223 0.0689797 0.982287
0.169548 0.0797831 0.982287
0.164203 0.0902716 0.982287
0.158211 0.100404 0.982287
0.151595 0.11014 0.982287
0.14438 0.119441 0.982287
0.136595 0.128271 0.982287
0.128271 0.136595 0.982287
0.119441 0.14438 0.982287
0.11014 0.151595 0.982287
0.100404 0.158211 0.982287
0.0902716 0.164203 0.982287
0.0797831 0.169548 0.982287
0.0689797 0.174223 0.982287
0.057904 0.17821 0.982287
0.0465998 0.181494 0.982287
0.0351118 0.184062 0.982287
0.0234851 0.185904 0.982287
0.0117658 0.187012 0.982287
1.14738e-17 0.187381 0.982287
-0.0117658 0.187012 0.982287
-0.0234851 0.185904 0.982287
-0.0351118 0.184062 0.982287
-0.0465998 0.181494 0.982287
-0.057904 0.17821 0.982287
-0.0689797 0.174223 0.982287
-0.0797831 0.169548 0.982287
-0.0902716 0.164203 0.982287
-0.100404 0.158211 0.982287
-0.11014 0.151595 0.982287
-0.119441 0.14438 0.982287
-0.128271 0.136595 0.982287
-0.136595 0.128271 0.982287
-0.14438 0.119441 0.982287
-0.151595 0.11014 0.982287
-0.158211 0.100404 0.982287
-0.164203 0.0902716 0.982287
-0.169548 0.0797831 0.982287
-0.174223 0.0689797 0.982287
-0.17821 0.057904 0.982287
-0.181494 0.0465998 0.982287
-0.184062 0.0351118 0.982287
-0.185904 0.0234851 0.982287
-0.187012 0.0117658 0.982287
-0.187381 2.29476e-17 0.982287
-0.187012 -0.0117658 0.982287
-0.185904 -0.0234851 0.982287
-0.184062 -0.0351118 0.982287
-0.181494 -0.0465998 0.982287
-0.17821 -0.057904 0.982287
-0.174223 -0.0689797 0.982287
-0.169548 -0.0797831 0.982287
-0.164203 -0.0902716 0.982287
-0.158211 -0.100404 0.982287
-0.151595 -0.11014 0.982287
-0.14438 -0.119441 0.982287
-0.136595 -0.128271 0.982287
-0.128271 -0.136595 0.982287
-0.119441 -0.14438 0.982287
-0.11014 -0.151595 0.982287
-0.100404 -0.158211 0.982287
-0.0902716 -0.164203 0.982287
-0.0797831 -0.169548 0.982287
-0.0689797 -0.174223 0.982287
-0.057904 -0.17821 0.982287
-0.0465998 -0.181494 0.982287
-0.0351118 -0.184062 0.982287
-0.0234851 -0.185904 0.982287
-0.0117658 -0.187012 0.982287
-3.44214e-17 -0.187381 0.982287
0.0117658 -0.187012 0.982287
0.0234851 -0.185904 0.982287
0.0351118 -0.184062 0.982287
0.0465998 -0.181494 0.982287
0.057904 -0.17821 0.982287
0.0689797 -0.174223 0.982287
0.0797831 -0.169548 0.982287
0.0902716 -0.164203 0.982287
0.100404 -0.158211 0.982287
0.11014 -0.151595 0.982287
0.119441 -0.14438 0.982287
0.128271 -0.136595 0.982287
0.136595 -0.128271 0.982287
0.14438 -0.119441 0.982287
0.151595 -0.11014 0.982287
0.158211 -0.100404 0.982287
0.164203 -0.0902716 0.982287
0.169548 -0.0797831 0.982287
0.174223 -0.0689797 0.982287
0.17821 -0.057904 0.982287
0.181494 -0.0465998 0.982287
0.184062 -0.0351118 0.982287
0.185904 -0.0234851 0.982287
0.187012 -0.0117658 0.982287
0.187381 -4.58952e-17 0.982287

0.218143 0 0.975917
0.217713 0.0136973 0.975917
0.216423 0.0273406 0.975917
0.214279 0.040876 0.975917
0.21129 0.05425 0.975917
0.207467 0.06741 0.975917
0.202824 0.0803039 0.975917
0.197382 0.0928809 0.975917
0.19116 0.105091 0.975917
0.184184 0.116887 0.975917
0.176482 0.128221 0.975917
0.168082 0.13905 0.975917
0.15902 0.149329 0.975917
0.149329 0.15902 0.975917
0.13905 0.168082 0.975917
0.128221 0.176482 0.975917
0.116887 0.184184 0.975917
0.105091 0.19116 0.975917
0.0928809 0.197382 0.975917
0.0803039 0.202824 0.975917
0.06741 0.207467 0.975917
0.05425 0.21129 0.975917
0.040876 0.214279 0.975917
0.0273406 0.216423 0.975917
0.0136973 0.217713 0.975917
1.33574e-17 0.218143 0.975917
-0.0136973 0.217713 0.975917
-0.0273406 0.216423 0.975917
-0.040876 0.214279 0.975917
-0.05425 0.21129 0.975917
-0.06741 0.207467 0.975917
-0.0803039 0.202824 0.975917
-0.0928809 0.197382 0.975917
-0.105091 0.19116 0.975917
-0.116887 0.184184 0.975917
-0.128221 0.176482 0.975917
-0.13905 0.168082 0.975917
-0.149329 0.15902 0.975917
-0.15902 0.149329 0.975917
-0.168082 0.13905 0.975917
-0.176482 0.128221 0.975917
-0.184184 0.116887 0.975917
-0.19116 0.105091 0.975917
-0.197382 0.0928809 0.975917
-0.202824 0.0803039 0.975917
-0.207467 0.06741 0.975917
-0.21129 0.05425 0.975917
-0.214279 0.040876 0.975917
-0.216423 0.0273406 0.975917
-0.217713 0.0136973 0.975917
-0.218143 2.67148e-17 0.975917
-0.217713 -0.0136973 0.975917
-0.216423 -0.0273406 0.975917
-0.214279 -0.040876 0.975917
-0.21129 -0.05425 0.975917
-0.207467 -0.06741 0.975917
-0.202824 -0.0803039 0.975917
-0.197382 -0.0928809 0.975917
-0.19116 -0.105091 0.975917
-0.184184 -0.116887 0.975917
-0.176482 -0.128221 0.975917
-0.168082 -0.13905 0.975917
-0.15902 -0.149329 0.975917
-0.149329 -0.15902 0.975917
-0.13905 -0.168082 0.975917
-0.128221 -0.176482 0.975917
-0.116887 -0.184184 0.975917
-0.105091 -0.19116 0.975917
-0.0928809 -0.197382 0.975917
-0.0803039 -0.202824 0.975917
-0.06741 -0.207467 0.975917
-0.05425 -0.21129 0.975917
-0.040876 -0.214279 0.975917
-0.0273406 -0.216423 0.975917
-0.0136973 -0.217713 0.975917
-4.00723e-17 -0.218143 0.975917
0.0136973 -0.217713 0.975917
0.0273406 -0.216423 0.975917
0.040876 -0.214279 0.975917
0.05425 -0.21129 0.975917
0.06741 -0.207467 0.975917
0.0803039 -0.202824 0.975917
0.0928809 -0.197382 0.975917
0.105091 -0.19116 0.975917
0.116887 -0.184184 0.975917
0.128221 -0.176482 0.975917
0.13905 -0.168082 0.975917
0.149329 -0.15902 0.975917
0.15902 -0.149329 0.975917
0.168082 -0.13905 0.975917
0.176482 -0.128221 0.975917
0.184184 -0.116887 0.975917
0.19116 -0.105091 0.975917
0.197382 -0.0928809 0.975917
0.202824 -0.0803039 0.975917
0.207467 -0.06741 0.975917
0.21129 -0.05425 0.975917
0.214279 -0.040876 0.975917
0.216423 -0.0273406 0.975917
0.217713 -0.0136973 0.975917
0.218143 -5.34297e-17 0.975917

0.24869 0 0.968583
0.248199 0.0156154 0.968583
0.246729 0.0311691 0.968583
0.244285 0.0465998 0.968583
0.240877 0.0618467 0.968583
0.236518 0.0768494 0.968583
0.231226 0.0915489 0.968583
0.225021 0.105887 0.968583
0.217929 0.119807 0.968583
0.209976 0.133255 0.968583
0.201194 0.146176 0.968583
0.191619 0.158521 0.968583
0.181287 0.17024 0.968583
0.17024 0.181287 0.968583
0.158521 0.191619 0.968583
0.146176 0.201194 0.968583
0.133255 0.209976 0.968583
0.119807 0.217929 0.968583
0.105887 0.225021 0.968583
0.0915489 0.231226 0.968583
0.0768494 0.236518 0.968583
0.0618467 0.240877 0.968583
0.0465998 0.244285 0.968583
0.0311691 0.246729 0.968583
0.0156154 0.248199 0.968583
1.52279e-17 0.24869 0.968583
-0.0156154 0.248199 0.968583
-0.0311691 0.246729 0.968583
-0.0465998 0.244285 0.968583
-0.0618467 0.240877 0.968583
-0.0768494 0.236518 0.968583
-0.0915489 0.231226 0.968583
-0.105887 0.225021 0.968583
-0.119807 0.217929 0.968583
-0.133255 0.209976 0.968583
-0.146176 0.201194 0.968583
-0.158521 0.191619 0.968583
-0.17024 0.181287 0.968583
-0.181287 0.17024 0.968583
-0.191619 0.158521 0.968583
-0.201194 0.146176 0.968583
-0.209976 0.133255 0.968583
-0.217929 0.119807 0.968583
-0.225021 0.105887 0.968583
-0.231226 0.0915489 0.968583
-0.236518 0.0768494 0.968583
-0.240877 0.0618467 0.968583
-0.244285 0.0465998 0.968583
-0.246729 0.0311691 0.968583
-0.248199 0.0156154 0.968583
-0.24869 3.04557e-17 0.968583
-0.248199 -0.0156154 0.968583
-0.246729 -0.0311691 0.968583
-0.244285 -0.0465998 0.968583
-0.240877 -0.0618467 0.968583
-0.236518 -0.0768494 0.968583
-0.231226 -0.0915489 0.968583
-0.225021 -0.105887 0.968583
-0.217929 -0.119807 0.968583
-0.209976 -0.133255 0.968583
-0.201194 -0.146176 0.968583
-0.191619 -0.158521 0.968583
-0.181287 -0.17024 0.968583
-0.17024 -0.181287 0.968583
-0.158521 -0.191619 0.968583
-0.146176 -0.201194 0.968583
-0.133255 -0.209976 0.968583
-0.119807 -0.217929 0.968583
-0.105887 -0.225021 0.968583
-0.0915489 -0.231226 0.968583
-0.0768494 -0.236518 0.968583
-0.0618467 -0.240877 0.968583
-0.0465998 -0.244285 0.968583
-0.0311691 -0.246729 0.968583
-0.0156154 -0.248199 0.968583
-4.56836e-17 -0.24869 0.968583
0.0156154 -0.248199 0.968583
0.0311691 -0.246729 0.968583
0.0465998 -0.244285 0.968583
0.0618467 -0.240877 0.968583
0.0768494 -0.236518 0.968583
0.0915489 -0.231226 0.968583
0.105887 -0.225021 0.968583
0.119807 -0.217929 0.968583
0.133255 -0.209976 0.968583
0.146176 -0.201194 0.968583
0.158521 -0.191619 0.968583
0.17024 -0.181287 0.968583
0.181287 -0.17024 0.968583
0.191619 -0.158521 0.968583
0.201194 -0.146176 0.968583
0.209976 -0.133255 0.968583
0.217929 -0.119807 0.968583
0.225021 -0.105887 0.968583
0.231226 -0.0915489 0.968583
0.236518 -0.0768494 0.968583
0.240877 -0.0618467 0.968583
0.244285 -0.0465998 0.968583
0.246729 -0.0311691 0.968583
0.248199 -0.0156154 0.968583
0.24869 -6.09115e-17 0.968583

0.278991 0 0.960294
0.278441 0.017518 0.960294
0.276791 0.0349669 0.960294
0.274049 0.0522777 0.960294
0.270226 0.0693823 0.960294
0.265336 0.086213 0.960294
0.259399 0.102703 0.960294
0.252439 0.118789 0.960294
0.244482 0.134405 0.960294
0.23556 0.149491 0.960294
0.225709 0.163987 0.960294
0.214966 0.177836 0.960294
0.203376 0.190983 0.960294
0.190983 0.203376 0.960294
0.177836 0.214966 0.960294
0.163987 0.225709 0.960294
0.149491 0.23556 0.960294
0.134405 0.244482 0.960294
0.118789 0.252439 0.960294
0.102703 0.259399 0.960294
0.086213 0.265336 0.960294
0.0693823 0.270226 0.960294
0.0522777 0.274049 0.960294
0.0349669 0.276791 0.960294
0.017518 0.278441 0.960294
1.70833e-17 0.278991 0.960294
-0.017518 0.278441 0.960294
-0.0349669 0.276791 0.960294
-0.0522777 0.274049 0.960294
-0.0693823 0.270226 0.960294
-0.086213 0.265336 0.960294
-0.102703 0.259399 0.960294
-0.118789 0.252439 0.960294
-0.134405 0.244482 0.960294
-0.149491 0.23556 0.960294
-0.163987 0.225709 0.960294
-0.177836 0.214966 0.960294
-0.190983 0.203376 0.960294
-0.203376 0.190983 0.960294
-0.214966 0.177836 0.960294
-0.225709 0.163987 0.960294
-0.23556 0.149491 0.960294
-0.244482 0.134405 0.960294
-0.252439 0.118789 0.960294
-0.259399 0.102703 0.960294
-0.265336 0.086213 0.960294
-0.270226 0.0693823 0.960294
-0.274049 0.0522777 0.960294
-0.276791 0.0349669 0.960294
-0.278441 0.017518 0.960294
-0.278991 3.41666e-17 0.960294
-0.278441 -0.017518 0.960294
-0.276791 -0.0349669 0.960294
-0.274049 -0.0522777 0.960294
-0.270226 -0.0693823 0.960294
-0.265336 -0.086213 0.960294
-0.259399 -0.102703 0.960294
-0.252439 -0.118789 0.960294
-0.244482 -0.134405 0.960294
-0.23556 -0.149491 0.960294
-0.225709 -0.163987 0.960294
-0.214966 -0.177836 0.960294
-0.203376 -0.190983 0.960294
-0.190983 -0.203376 0.960294
-0.177836 -0.214966 0.960294
-0.163987 -0.225709 0.960294
-0.149491 -0.23556 0.960294
-0.134405 -0.244482 0.960294
-0.118789 -0.252439 0.960294
-0.102703 -0.259399 0.960294
-0.086213 -0.265336 0.960294
-0.0693823 -0.270226 0.960294
-0.0522777 -0.274049 0.960294
-0.0349669 -0.276791 0.960294
-0.017518 -0.278441 0.960294
-5.12498e-17 -0.278991 0.960294
0.017518 -0.278441 0.960294
0.0349669 -0.276791 0.960294
0.0522777 -0.274049 0.960294
0.0693823 -0.270226 0.960294
0.086213 -0.265336 0.960294
0.102703 -0.259399 0.960294
0.118789 -0.252439 0.960294
0.134405 -0.244482 0.960294
0.149491 -0.23556 0.960294
0.163987 -0.225709 0.960294
0.177836 -0.214966 0.960294
0.190983 -0.203376 0.960294
0.203376 -0.190983 0.960294
0.214966 -0.177836 0.960294
0.225709 -0.163987 0.960294
0.23556 -0.149491 0.960294
0.244482 -0.134405 0.960294
0.252439 -0.118789 0.960294
0.259399 -0.102703 0.960294
0.265336 -0.086213 0.960294
0.270226 -0.0693823 0.960294
0.274049 -0.0522777 0.960294
0.276791 -0.0349669 0.960294
0.278441 -0.017518 0.960294
0.278991 -6.83331e-17 0.960294

0.309017 0 0.951057
0.308407 0.0194033 0.951057
0.30658 0.0387301 0.951057
0.303543 0.057904 0.951057
0.299309 0.0768494 0.951057
0.293893 0.0954915 0.951057
0.287317 0.113757 0.951057
0.279607 0.131573 0.951057
0.270794 0.14887 0.951057
0.260912 0.16558 0.951057
0.25 0.181636 0.951057
0.238102 0.196975 0.951057
0.225264 0.211537 0.951057
0.211537 0.225264 0.951057
0.196975 0.238102 0.951057
0.181636 0.25 0.951057
0.16558 0.260912 0.951057
0.14887 0.270794 0.951057
0.131573 0.279607 0.951057
0.113757 0.287317 0.951057
0.0954915 0.293893 0.951057
0.0768494 0.299309 0.951057
0.057904 0.303543 0.951057
0.0387301 0.30658 0.951057
0.0194033 0.308407 0.951057
1.89218e-17 0.309017 0.951057
-0.0194033 0.308407 0.951057
-0.0387301 0.30658 0.951057
-0.057904 0.303543 0.951057
-0.0768494 0.299309 0.951057
-0.0954915 0.293893 0.951057
-0.113757 0.287317 0.951057
-0.131573 0.279607 0.951057
-0.14887 0.270794 0.951057
-0.16558 0.260912 0.951057
-0.181636 0.25 0.951057
-0.196975 0.238102 0.951057
-0.211537 0.225264 0.951057
-0.225264 0.211537 0.951057
-0.238102 0.196975 0.951057
-0.25 0.181636 0.951057
-0.260912 0.16558 0.951057
-0.270794 0.14887 0.951057
-0.279607 0.131573 0.951057
-0.287317 0.113757 0.951057
-0.293893 0.0954915 0.951057
-0.299309 0.0768494 0.951057
-0.303543 0.057904 0.951057
-0.30658 0.0387301 0.951057
-0.308407 0.0194033 0.951057
-0.309017 3.78437e-17 0.951057
-0.308407 -0.0194033 0.951057
-0.30658 -0.0387301 0.951057
-0.303543 -0.057904 0.951057
-0.299309 -0.0768494 0.951057
-0.293893 -0.0954915 0.951057
-0.287317 -0.113757 0.951057
-0.279607 -0.131573 0.951057
-0.270794 -0.14887 0.951057
-0.260912 -0.16558 0.951057
-0.25 -0.181636 0.951057
-0.238102 -0.196975 0.951057
-0.225264 -0.211537 0.951057
-0.211537 -0.225264 0.951057
-0.196975 -0.238102 0.951057
-0.181636 -0.25 0.951057
-0.16558 -0.260912 0.951057
-0.14887 -0.270794 0.951057
-0.131573 -0.279607 0.951057
-0.113757 -0.287317 0.951057
-0.0954915 -0.293893 0.951057
-0.0768494 -0.299309 0.951057
-0.057904 -0.303543 0.951057
-0.0387301 -0.30658 0.951057
-0.0194033 -0.308407 0.951057
-5.67655e-17 -0.309017 0.951057
0.0194033 -0.308407 0.951057
0.0387301 -0.30658 0.951057
0.057904 -0.303543 0.951057
0.0768494 -0.299309 0.951057
0.0954915 -0.293893 0.951057
0.113757 -0.287317 0.951057
0.131573 -0.279607 0.951057
0.14887 -0.270794 0.951057
0.16558 -0.260912 0.951057
0.181636 -0.25 0.951057
0.196975 -0.238102 0.951057
0.211537 -0.225264 0.951057
0.225264 -0.211537 0.951057
0.238102 -0.196975 0.951057
0.25 -0.181636 0.951057
0.260912 -0.16558 0.951057
0.270794 -0.14887 0.951057
0.279607 -0.131573 0.951057
0.287317 -0.113757 0.951057
0.293893 -0.0954915 0.951057
0.299309 -0.0768494 0.951057
0.303543 -0.057904 0.951057
0.30658 -0.0387301 0.951057
0.308407 -0.0194033 0.951057
0.309017 -7.56873e-17 0.951057

0.338738 0 0.940881
0.338069 0.0212695 0.940881
0.336067 0.0424551 0.940881
0.332738 0.0634732 0.940881
0.328096 0.0842407 0.940881
0.322159 0.104676 0.940881
0.314951 0.124698 0.940881
0.306499 0.144228 0.940881
0.296838 0.163188 0.940881
0.286006 0.181505 0.940881
0.274045 0.199105 0.940881
0.261002 0.21592 0.940881
0.246929 0.231882 0.940881
0.231882 0.246929 0.940881
0.21592 0.261002 0.940881
0.199105 0.274045 0.940881
0.181505 0.286006 0.940881
0.163188 0.296838 0.940881
0.144228 0.306499 0.940881
0.124698 0.314951 0.940881
0.104676 0.322159 0.940881
0.0842407 0.328096 0.940881
0.0634732 0.332738 0.940881
0.0424551 0.336067 0.940881
0.0212695 0.338069 0.940881
2.07417e-17 0.338738 0.940881
-0.0212695 0.338069 0.940881
-0.0424551 0.336067 0.940881
-0.0634732 0.332738 0.940881
-0.0842407 0.328096 0.940881
-0.104676 0.322159 0.940881
-0.124698 0.314951 0.940881
-0.144228 0.306499 0.940881
-0.163188 0.296838 0.940881
-0.181505 0.286006 0.940881
-0.199105 0.274045 0.940881
-0.21592 0.261002 0.940881
-0.231882 0.246929 0.940881
-0.246929 0.231882 0.940881
-0.261002 0.21592 0.940881
-0.274045 0.199105 0.940881
-0.286006 0.181505 0.940881
-0.296838 0.163188 0.940881
-0.306499 0.144228 0.940881
-0.314951 0.124698 0.940881
-0.322159 0.104676 0.940881
-0.328096 0.0842407 0.940881
-0.332738 0.0634732 0.940881
-0.336067 0.0424551 0.940881
-0.338069 0.0212695 0.940881
-0.338738 4.14834e-17 0.940881
-0.338069 -0.0212695 0.940881
-0.336067 -0.0424551 0.940881
-0.332738 -0.0634732 0.940881
-0.328096 -0.0842407 0.940881
-0.322159 -0.104676 0.940881
-0.314951 -0.124698 0.940881
-0.306499 -0.144228 0.940881
-0.296838 -0.163188 0.940881
-0.286006 -0.181505 0.940881
-0.274045 -0.199105 0.940881
-0.261002 -0.21592 0.940881
-0.246929 -0.231882 0.940881
-0.231882 -0.246929 0.940881
-0.21592 -0.261002 0.940881
-0.199105 -0.274045 0.940881
-0.181505 -0.286006 0.940881
-0.163188 -0.296838 0.940881
-0.144228 -0.306499 0.940881
-0.124698 -0.314951 0.940881
-0.104676 -0.322159 0.940881
-0.0842407 -0.328096 0.940881
-0.0634732 -0.332738 0.940881
-0.0424551 -0.336067 0.940881
-0.0212695 -0.338069 0.940881
-6.22251e-17 -0.338738 0.940881
0.0212695 -0.338069 0.940881
0.0424551 -0.336067 0.940881
0.0634732 -0.332738 0.940881
0.0842407 -0.328096 0.940881
0.104676 -0.322159 0.940881
0.124698 -0.314951 0.940881
0.144228 -0.306499 0.940881
0.163188 -0.296838 0.940881
0.181505 -0.286006 0.940881
0.199105 -0.274045 0.940881
0.21592 -0.261002 0.940881
0.231882 -0.246929 0.940881
0.246929 -0.231882 0.940881
0.261002 -0.21592 0.940881
0.274045 -0.199105 0.940881
0.286006 -0.181505 0.940881
0.296838 -0.163188 0.940881
0.306499 -0.144228 0.940881
0.314951 -0.124698 0.940881
0.322159 -0.104676 0.940881
0.328096 -0.0842407 0.940881
0.332738 -0.0634732 0.940881
0.336067 -0.0424551 0.940881
0.338069 -0.0212695 0.940881
0.338738 -8.29669e-17 0.940881

0.368125 0 0.929776
0.367398 0.0231147 0.929776
0.365222 0.0461382 0.929776
0.361604 0.0689797 0.929776
0.356559 0.0915489 0.929776
0.350107 0.113757 0.929776
0.342274 0.135516 0.929776
0.333089 0.15674 0.929776
0.32259 0.177345 0.929776
0.310818 0.197251 0.929776
0.297819 0.216378 0.929776
0.283645 0.234651 0.929776
0.268351 0.251999 0.929776
0.251999 0.268351 0.929776
0.234651 0.283645 0.929776
0.216378 0.297819 0.929776
0.197251 0.310818 0.929776
0.177345 0.32259 0.929776
0.15674 0.333089 0.929776
0.135516 0.342274 0.929776
0.113757 0.350107 0.929776
0.0915489 0.356559 0.929776
0.0689797 0.361604 0.929776
0.0461382 0.365222 0.929776
0.0231147 0.367398 0.929776
2.25411e-17 0.368125 0.929776
-0.0231147 0.367398 0.929776
-0.0461382 0.365222 0.929776
-0.0689797 0.361604 0.929776
-0.0915489 0.356559 0.929776
-0.113757 0.350107 0.929776
-0.135516 0.342274 0.929776
-0.15674 0.333089 0.929776
-0.177345 0.32259 0.929776
-0.197251 0.310818 0.929776
-0.216378 0.297819 0.929776
-0.234651 0.283645 0.929776
-0.251999 0.268351 0.929776
-0.268351 0.251999 0.929776
-0.283645 0.234651 0.929776
-0.297819 0.216378 0.929776
-0.310818 0.197251 0.929776
-0.32259 0.177345 0.929776
-0.333089 0.15674 0.929776
-0.342274 0.135516 0.929776
-0.350107 0.113757 0.929776
-0.356559 0.0915489 0.929776
-0.361604 0.0689797 0.929776
-0.365222 0.0461382 0.929776
-0.367398 0.0231147 0.929776
-0.368125 4.50823e-17 0.929776
-0.367398 -0.0231147 0.929776
-0.365222 -0.0461382 0.929776
-0.361604 -0.0689797 0.929776
-0.356559 -0.0915489 0.929776
-0.350107 -0.113757 0.929776
-0.342274 -0.135516 0.929776
-0.333089 -0.15674 0.929776
-0.32259 -0.177345 0.929776
-0.310818 -0.197251 0.929776
-0.297819 -0.216378 0.929776
-0.283645 -0.234651 0.929776
-0.268351 -0.251999 0.929776
-0.251999 -0.268351 0.929776
-0.234651 -0.283645 0.929776
-0.216378 -0.297819 0.929776
-0.197251 -0.310818 0.929776
-0.177345 -0.32259 0.929776
-0.15674 -0.333089 0.929776
-0.135516 -0.342274 0.929776
-0.113757 -0.350107 0.929776
-0.0915489 -0.356559 0.929776
-0.0689797 -0.361604 0.929776
-0.0461382 -0.365222 0.929776
-0.0231147 -0.367398 0.929776
-6.76234e-17 -0.368125 0.929776
0.0231147 -0.367398 0.929776
0.0461382 -0.365222 0.929776
0.0689797 -0.361604 0.929776
0.0915489 -0.356559 0.929776
0.113757 -0.350107 0.929776
0.135516 -0.342274 0.929776
0.15674 -0.333089 0.929776
0.177345 -0.32259 0.929776
0.197251 -0.310818 0.929776
0.216378 -0.297819 0.929776
0.234651 -0.283645 0.929776
0.251999 -0.268351 0.929776
0.268351 -0.251999 0.929776
0.283645 -0.234651 0.929776
0.297819 -0.216378 0.929776
0.310818 -0.197251 0.929776
0.32259 -0.177345 0.929776
0.333089 -0.15674 0.929776
0.342274 -0.135516 0.929776
0.350107 -0.113757 0.929776
0.356559 -0.0915489 0.929776
0.361604 -0.0689797 0.929776
0.365222 -0.0461382 0.929776
0.367398 -0.0231147 0.929776
0.368125 -9.01645e-17 0.929776

0.397148 0 0.917755
0.396364 0.0249371 0.917755
0.394016 0.0497758 0.917755
0.390113 0.0744181 0.917755
0.384671 0.0987667 0.917755
0.37771 0.122725 0.917755
0.369259 0.1462 0.917755
0.35935 0.169097 0.917755
0.348023 0.191327 0.917755
0.335323 0.212802 0.917755
0.321299 0.233438 0.917755
0.306008 0.253152 0.917755
0.289508 0.271866 0.917755
0.271866 0.289508 0.917755
0.253152 0.306008 0.917755
0.233438 0.321299 0.917755
0.212802 0.335323 0.917755
0.191327 0.348023 0.917755
0.169097 0.35935 0.917755
0.1462 0.369259 0.917755
0.122725 0.37771 0.917755
0.0987667 0.384671 0.917755
0.0744181 0.390113 0.917755
0.0497758 0.394016 0.917755
0.0249371 0.396364 0.917755
2.43183e-17 0.397148 0.917755
-0.0249371 0.396364 0.917755
-0.0497758 0.394016 0.917755
-0.0744181 0.390113 0.917755
-0.0987667 0.384671 0.917755
-0.122725 0.37771 0.917755
-0.1462 0.369259 0.917755
-0.169097 0.35935 0.917755
-0.191327 0.348023 0.917755
-0.212802 0.335323 0.917755
-0.233438 0.321299 0.917755
-0.253152 0.306008 0.917755
-0.271866 0.289508 0.917755
-0.289508 0.271866 0.917755
-0.306008 0.253152 0.917755
-0.321299 0.233438 0.917755
-0.335323 0.212802 0.917755
-0.348023 0.191327 0.917755
-0.35935 0.169097 0.917755
-0.369259 0.1462 0.917755
-0.37771 0.122725 0.917755
-0.384671 0.0987667 0.917755
-0.390113 0.0744181 0.917755
-0.394016 0.0497758 0.917755
-0.396364 0.0249371 0.917755
-0.397148 4.86366e-17 0.917755
-0.396364 -0.0249371 0.917755
-0.394016 -0.0497758 0.917755
-0.390113 -0.0744181 0.917755
-0.384671 -0.0987667 0.917755
-0.37771 -0.122725 0.917755
-0.369259 -0.1462 0.917755
-0.35935 -0.169097 0.917755
-0.348023 -0.191327 0.917755
-0.335323 -0.212802 0.917755
-0.321299 -0.233438 0.917755
-0.306008 -0.253152 0.917755
-0.289508 -0.271866 0.917755
-0.271866 -0.289508 0.917755
-0.253152 -0.306008 0.917755
-0.233438 -0.321299 0.917755
-0.212802 -0.335323 0.917755
-0.191327 -0.348023 0.917755
-0.169097 -0.35935 0.917755
-0.1462 -0.369259 0.917755
-0.122725 -0.37771 0.917755
-0.0987667 -0.384671 0.917755
-0.0744181 -0.390113 0.917755
-0.0497758 -0.394016 0.917755
-0.0249371 -0.396364 0.917755
-7.29549e-17 -0.397148 0.917755
0.0249371 -0.396364 0.917755
0.0497758 -0.394016 0.917755
0.0744181 -0.390113 0.917755
0.0987667 -0.384671 0.917755
0.122725 -0.37771 0.917755
0.1462 -0.369259 0.917755
0.169097 -0.35935 0.917755
0.191327 -0.348023 0.917755
0.212802 -0.335323 0.917755
0.233438 -0.321299 0.917755
0.253152 -0.306008 0.917755
0.271866 -0.289508 0.917755
0.289508 -0.271866 0.917755
0.306008 -0.253152 0.917755
0.321299 -0.233438 0.917755
0.335323 -0.212802 0.917755
0.348023 -0.191327 0.917755
0.35935 -0.169097 0.917755
0.369259 -0.1462 0.917755
0.37771 -0.122725 0.917755
0.384671 -0.0987667 0.917755
0.390113 -0.0744181 0.917755
0.394016 -0.0497758 0.917755
0.396364 -0.0249371 0.917755
0.397148 -9.72732e-17 0.917755

0.425779 0 0.904827
0.424939 0.0267349 0.904827
0.422422 0.0533643 0.904827
0.418238 0.0797831 0.904827
0.412403 0.105887 0.904827
0.40494 0.131573 0.904827
0.39588 0.15674 0.904827
0.385257 0.181288 0.904827
0.373113 0.205121 0.904827
0.359497 0.228144 0.904827
0.344463 0.250267 0.904827
0.328069 0.271402 0.904827
0.31038 0.291466 0.904827
0.291466 0.31038 0.904827
0.271402 0.328069 0.904827
0.250267 0.344463 0.904827
0.228144 0.359497 0.904827
0.205121 0.373113 0.904827
0.181288 0.385257 0.904827
0.15674 0.39588 0.904827
0.131573 0.40494 0.904827
0.105887 0.412403 0.904827
0.0797831 0.418238 0.904827
0.0533643 0.422422 0.904827
0.0267349 0.424939 0.904827
2.60715e-17 0.425779 0.904827
-0.0267349 0.424939 0.904827
-0.0533643 0.422422 0.904827
-0.0797831 0.418238 0.904827
-0.105887 0.412403 0.904827
-0.131573 0.40494 0.904827
-0.15674 0.39588 0.904827
-0.181288 0.385257 0.904827
-0.205121 0.373113 0.904827
-0.228144 0.359497 0.904827
-0.250267 0.344463 0.904827
-0.271402 0.328069 0.904827
-0.291466 0.31038 0.904827
-0.31038 0.291466 0.904827
-0.328069 0.271402 0.904827
-0.344463 0.250267 0.904827
-0.359497 0.228144 0.904827
-0.373113 0.205121 0.904827
-0.385257 0.181288 0.904827
-0.39588 0.15674 0.904827
-0.40494 0.131573 0.904827
-0.412403 0.105887 0.904827
-0.418238 0.0797831 0.904827
-0.422422 0.0533643 0.904827
-0.424939 0.0267349 0.904827
-0.425779 5.21429e-17 0.904827
-0.424939 -0.0267349 0.904827
-0.422422 -0.0533643 0.904827
-0.418238 -0.0797831 0.904827
-0.412403 -0.105887 0.904827
-0.40494 -0.131573 0.904827
-0.39588 -0.15674 0.904827
-0.385257 -0.181288 0.904827
-0.373113 -0.205121 0.904827
-0.359497 -0.228144 0.904827
-0.344463 -0.250267 0.904827
-0.328069 -0.271402 0.904827
-0.31038 -0.291466 0.904827
-0.291466 -0.31038 0.904827
-0.271402 -0.328069 0.904827
-0.250267 -0.344463 0.904827
-0.228144 -0.359497 0.904827
-0.205121 -0.373113 0.904827
-0.181288 -0.385257 0.904827
-0.15674 -0.39588 0.904827
-0.131573 -0.40494 0.904827
-0.105887 -0.412403 0.904827
-0.0797831 -0.418238 0.904827
-0.0533643 -0.422422 0.904827
-0.0267349 -0.424939 0.904827
-7.82144e-17 -0.425779 0.904827
0.0267349 -0.424939 0.904827
0.0533643 -0.422422 0.904827
0.0797831 -0.418238 0.904827
0.105887 -0.412403 0.904827
0.131573 -0.40494 0.904827
0.15674 -0.39588 0.904827
0.181288 -0.385257 0.904827
0.205121 -0.373113 0.904827
0.228144 -0.359497 0.904827
0.250267 -0.344463 0.904827
0.271402 -0.328069 0.904827
0.291466 -0.31038 0.904827
0.31038 -0.291466 0.904827
0.328069 -0.271402 0.904827
0.344463 -0.250267 0.904827
0.359497 -0.228144 0.904827
0.373113 -0.205121 0.904827
0.385257 -0.181288 0.904827
0.39588 -0.15674 0.904827
0.40494 -0.131573 0.904827
0.412403 -0.105887 0.904827
0.418238 -0.0797831 0.904827
0.422422 -0.0533643 0.904827
0.424939 -0.0267349 0.904827
0.425779 -1.04286e-16 0.904827

0.45399 0 0.891007
0.453095 0.0285063 0.891007
0.450411 0.0569001 0.891007
0.445949 0.0850693 0.891007
0.439728 0.112903 0.891007
0.431771 0.140291 0.891007
0.42211 0.167125 0.891007
0.410783 0.1933 0.891007
0.397835 0.218712 0.891007
0.383317 0.24326 0.891007
0.367286 0.266849 0.891007
0.349806 0.289384 0.891007
0.330945 0.310778 0.891007
0.310778 0.330945 0.891007
0.289384 0.349806 0.891007
0.266849 0.367286 0.891007
0.24326 0.383317 0.891007
0.218712 0.397835 0.891007
0.1933 0.410783 0.891007
0.167125 0.42211 0.891007
0.140291 0.431771 0.891007
0.112903 0.439728 0.891007
0.0850693 0.445949 0.891007
0.0569001 0.450411 0.891007
0.0285063 0.453095 0.891007
2.77989e-17 0.45399 0.891007
-0.0285063 0.453095 0.891007
-0.0569001 0.450411 0.891007
-0.0850693 0.445949 0.891007
-0.112903 0.439728 0.891007
-0.140291 0.431771 0.891007
-0.167125 0.42211 0.891007
-0.1933 0.410783 0.891007
-0.218712 0.397835 0.891007
-0.24326 0.383317 0.891007
-0.266849 0.367286 0.891007
-0.289384 0.349806 0.891007
-0.310778 0.330945 0.891007
-0.330945 0.310778 0.891007
-0.349806 0.289384 0.891007
-0.367286 0.266849 0.891007
-0.383317 0.24326 0.891007
-0.397835 0.218712 0.891007
-0.410783 0.1933 0.891007
-0.42211 0.167125 0.891007
-0.431771 0.140291 0.891007
-0.439728 0.112903 0.891007
-0.445949 0.0850693 0.891007
-0.450411 0.0569001 0.891007
-0.453095 0.0285063 0.891007
-0.45399 5.55978e-17 0.891007
-0.453095 -0.0285063 0.891007
-0.450411 -0.0569001 0.891007
-0.445949 -0.0850693 0.891007
-0.439728 -0.112903 0.891007
-0.431771 -0.140291 0.891007
-0.42211 -0.167125 0.891007
-0.410783 -0.1933 0.891007
-0.397835 -0.218712 0.891007
-0.383317 -0.24326 0.891007
-0.367286 -0.266849 0.891007
-0.349806 -0.289384 0.891007
-0.330945 -0.310778 0.891007
-0.310778 -0.330945 0.891007
-0.289384 -0.349806 0.891007
-0.266849 -0.367286 0.891007
-0.24326 -0.383317 0.891007
-0.218712 -0.397835 0.891007
-0.1933 -0.410783 0.891007
-0.167125 -0.42211 0.891007
-0.140291 -0.431771 0.891007
-0.112903 -0.439728 0.891007
-0.0850693 -0.445949 0.891007
-0.0569001 -0.450411 0.891007
-0.0285063 -0.453095 0.891007
-8.33967e-17 -0.45399 0.891007
0.0285063 -0.453095 0.891007
0.0569001 -0.450411 0.891007
0.0850693 -0.445949 0.891007
0.112903 -0.439728 0.891007
0.140291 -0.431771 0.891007
0.167125 -0.42211 0.891007
0.1933 -0.410783 0.891007
0.218712 -0.397835 0.891007
0.24326 -0.383317 0.891007
0.266849 -0.367286 0.891007
0.289384 -0.349806 0.891007
0.310778 -0.330945 0.891007
0.330945 -0.310778 0.891007
0.349806 -0.289384 0.891007
0.367286 -0.266849 0.891007
0.383317 -0.24326 0.891007
0.397835 -0.218712 0.891007
0.410783 -0.1933 0.891007
0.42211 -0.167125 0.891007
0.431771 -0.140291 0.891007
0.439728 -0.112903 0.891007
0.445949 -0.0850693 0.891007
0.450411 -0.0569001 0.891007
0.453095 -0.0285063 0.891007
0.45399 -1.11196e-16 0.891007

0.481754 0 0.876307
0.480803 0.0302496 0.876307
0.477955 0.0603797 0.876307
0.47322 0.0902716 0.876307
0.466618 0.119807 0.876307
0.458175 0.14887 0.876307
0.447923 0.177345 0.876307
0.435904 0.205121 0.876307
0.422164 0.232087 0.876307
0.406758 0.258137 0.876307
0.389747 0.283168 0.876307
0.371198 0.307081 0.876307
0.351183 0.329783 0.876307
0.329783 0.351183 0.876307
0.307081 0.371198 0.876307
0.283168 0.389747 0.876307
0.258137 0.406758 0.876307
0.232087 0.422164 0.876307
0.205121 0.435904 0.876307
0.177345 0.447923 0.876307
0.14887 0.458175 0.876307
0.119807 0.466618 0.876307
0.0902716 0.47322 0.876307
0.0603797 0.477955 0.876307
0.0302496 0.480803 0.876307
2.94989e-17 0.481754 0.876307
-0.0302496 0.480803 0.876307
-0.0603797 0.477955 0.876307
-0.0902716 0.47322 0.876307
-0.119807 0.466618 0.876307
-0.14887 0.458175 0.876307
-0.177345 0.447923 0.876307
-0.205121 0.435904 0.876307
-0.232087 0.422164 0.876307
-0.258137 0.406758 0.876307
-0.283168 0.389747 0.876307
-0.307081 0.371198 0.876307
-0.329783 0.351183 0.876307
-0.351183 0.329783 0.876307
-0.371198 0.307081 0.876307
-0.389747 0.283168 0.876307
-0.406758 0.258137 0.876307
-0.422164 0.232087 0.876307
-0.435904 0.205121 0.876307
-0.447923 0.177345 0.876307
-0.458175 0.14887 0.876307
-0.466618 0.119807 0.876307
-0.47322 0.0902716 0.876307
-0.477955 0.0603797 0.876307
-0.480803 0.0302496 0.876307
-0.481754 5.89978e-17 0.876307
-0.480803 -0.0302496 0.876307
-0.477955 -0.0603797 0.876307
-0.47322 -0.0902716 0.876307
-0.466618 -0.119807 0.876307
-0.458175 -0.14887 0.876307
-0.447923 -0.177345 0.876307
-0.435904 -0.205121 0.876307
-0.422164 -0.232087 0.876307
-0.406758 -0.258137 0.876307
-0.389747 -0.283168 0.876307
-0.371198 -0.307081 0.876307
-0.351183 -0.329783 0.876307
-0.329783 -0.351183 0.876307
-0.307081 -0.371198 0.876307
-0.283168 -0.389747 0.876307
-0.258137 -0.406758 0.876307
-0.232087 -0.422164 0.876307
-0.205121 -0.435904 0.876307
-0.177345 -0.447923 0.876307
-0.14887 -0.458175 0.876307
-0.119807 -0.466618 0.876307
-0.0902716 -0.47322 0.876307
-0.0603797 -0.477955 0.876307
-0.0302496 -0.480803 0.876307
-8.84967e-17 -0.481754 0.876307
0.0302496 -0.480803 0.876307
0.0603797 -0.477955 0.876307
0.0902716 -0.47322 0.876307
0.119807 -0.466618 0.876307
0.14887 -0.458175 0.876307
0.177345 -0.447923 0.876307
0.205121 -0.435904 0.876307
0.232087 -0.422164 0.876307
0.258137 -0.406758 0.876307
0.283168 -0.389747 0.876307
0.307081 -0.371198 0.876307
0.329783 -0.351183 0.876307
0.351183 -0.329783 0.876307
0.371198 -0.307081 0.876307
0.389747 -0.283168 0.876307
0.406758 -0.258137 0.876307
0.422164 -0.232087 0.876307
0.435904 -0.205121 0.876307
0.447923 -0.177345 0.876307
0.458175 -0.14887 0.876307
0.466618 -0.119807 0.876307
0.47322 -0.0902716 0.876307
0.477955 -0.0603797 0.876307
0.480803 -0.0302496 0.876307
0.481754 -1.17996e-16 0.876307

0.509041 0 0.860742
0.508037 0.031963 0.860742
0.505027 0.0637998 0.860742
0.500025 0.0953848 0.860742
0.493049 0.126593 0.860742
0.484127 0.157302 0.860742
0.473295 0.187391 0.860742
0.460594 0.216739 0.860742
0.446076 0.245233 0.860742
0.429798 0.272758 0.860742
0.411823 0.299207 0.860742
0.392223 0.324475 0.860742
0.371075 0.348463 0.860742
0.348463 0.371075 0.860742
0.324475 0.392223 0.860742
0.299207 0.411823 0.860742
0.272758 0.429798 0.860742
0.245233 0.446076 0.860742
0.216739 0.460594 0.860742
0.187391 0.473295 0.860742
0.157302 0.484127 0.860742
0.126593 0.493049 0.860742
0.0953848 0.500025 0.860742
0.0637998 0.505027 0.860742
0.031963 0.508037 0.860742
3.11698e-17 0.509041 0.860742
-0.031963 0.508037 0.860742
-0.0637998 0.505027 0.860742
-0.0953848 0.500025 0.860742
-0.126593 0.493049 0.860742
-0.157302 0.484127 0.860742
-0.187391 0.473295 0.860742
-0.216739 0.460594 0.860742
-0.245233 0.446076 0.860742
-0.272758 0.429798 0.860742
-0.299207 0.411823 0.860742
-0.324475 0.392223 0.860742
-0.348463 0.371075 0.860742
-0.371075 0.348463 0.860742
-0.392223 0.324475 0.860742
-0.411823 0.299207 0.860742
-0.429798 0.272758 0.860742
-0.446076 0.245233 0.860742
-0.460594 0.216739 0.860742
-0.473295 0.187391 0.860742
-0.484127 0.157302 0.860742
-0.493049 0.126593 0.860742
-0.500025 0.0953848 0.860742
-0.505027 0.0637998 0.860742
-0.508037 0.031963 0.860742
-0.509041 6.23396e-17 0.860742
-0.508037 -0.031963 0.860742
-0.505027 -0.0637998 0.860742
-0.500025 -0.0953848 0.860742
-0.493049 -0.126593 0.860742
-0.484127 -0.157302 0.860742
-0.473295 -0.187391 0.860742
-0.460594 -0.216739 0.860742
-0.446076 -0.245233 0.860742
-0.429798 -0.272758 0.860742
-0.411823 -0.299207 0.860742
-0.392223 -0.324475 0.860742
-0.371075 -0.348463 0.860742
-0.348463 -0.371075 0.860742
-0.324475 -0.392223 0.860742
-0.299207 -0.411823 0.860742
-0.272758 -0.429798 0.860742
-0.245233 -0.446076 0.860742
-0.216739 -0.460594 0.860742
-0.187391 -0.473295 0.860742
-0.157302 -0.484127 0.860742
-0.126593 -0.493049 0.860742
-0.0953848 -0.500025 0.860742
-0.0637998 -0.505027 0.860742
-0.031963 -0.508037 0.860742
-9.35094e-17 -0.509041 0.860742
0.031963 -0.508037 0.860742
0.0637998 -0.505027 0.860742
0.0953848 -0.500025 0.860742
0.126593 -0.493049 0.860742
0.157302 -0.484127 0.860742
0.187391 -0.473295 0.860742
0.216739 -0.460594 0.860742
0.245233 -0.446076 0.860742
0.272758 -0.429798 0.860742
0.299207 -0.411823 0.860742
0.324475 -0.392223 0.860742
0.348463 -0.371075 0.860742
0.371075 -0.348463 0.860742
0.392223 -0.324475 0.860742
0.411823 -0.299207 0.860742
0.429798 -0.272758 0.860742
0.446076 -0.245233 0.860742
0.460594 -0.216739 0.860742
0.473295 -0.187391 0.860742
0.484127 -0.157302 0.860742
0.493049 -0.126593 0.860742
0.500025 -0.0953848 0.860742
0.505027 -0.0637998 0.860742
0.508037 -0.031963 0.860742
0.509041 -1.24679e-16 0.860742

0.535827 0 0.844328
0.534769 0.0336448 0.844328
0.531602 0.0671569 0.844328
0.526336 0.100404 0.844328
0.518993 0.133255 0.844328
0.509602 0.16558 0.844328
0.498199 0.197251 0.844328
0.484831 0.228144 0.844328
0.469549 0.258137 0.844328
0.452414 0.28711 0.844328
0.433493 0.314951 0.844328
0.412862 0.341549 0.844328
0.390601 0.366799 0.844328
0.366799 0.390601 0.844328
0.341549 0.412862 0.844328
0.314951 0.433493 0.844328
0.28711 0.452414 0.844328
0.258137 0.469549 0.844328
0.228144 0.484831 0.844328
0.197251 0.498199 0.844328
0.16558 0.509602 0.844328
0.133255 0.518993 0.844328
0.100404 0.526336 0.844328
0.0671569 0.531602 0.844328
0.0336448 0.534769 0.844328
3.28099e-17 0.535827 0.844328
-0.0336448 0.534769 0.844328
-0.0671569 0.531602 0.844328
-0.100404 0.526336 0.844328
-0.133255 0.518993 0.844328
-0.16558 0.509602 0.844328
-0.197251 0.498199 0.844328
-0.228144 0.484831 0.844328
-0.258137 0.469549 0.844328
-0.28711 0.452414 0.844328
-0.314951 0.433493 0.844328
-0.341549 0.412862 0.844328
-0.366799 0.390601 0.844328
-0.390601 0.366799 0.844328
-0.412862 0.341549 0.844328
-0.433493 0.314951 0.844328
-0.452414 0.28711 0.844328
-0.469549 0.258137 0.844328
-0.484831 0.228144 0.844328
-0.498199 0.197251 0.844328
-0.509602 0.16558 0.844328
-0.518993 0.133255 0.844328
-0.526336 0.100404 0.844328
-0.531602 0.0671569 0.844328
-0.534769 0.0336448 0.844328
-0.535827 6.56199e-17 0.844328
-0.534769 -0.0336448 0.844328
-0.531602 -0.0671569 0.844328
-0.526336 -0.100404 0.844328
-0.518993 -0.133255 0.844328
-0.509602 -0.16558 0.844328
-0.498199 -0.197251 0.844328
-0.484831 -0.228144 0.844328
-0.469549 -0.258137 0.844328
-0.452414 -0.28711 0.844328
-0.433493 -0.314951 0.844328
-0.412862 -0.341549 0.844328
-0.390601 -0.366799 0.844328
-0.366799 -0.390601 0.844328
-0.341549 -0.412862 0.844328
-0.314951 -0.433493 0.844328
-0.28711 -0.452414 0.844328
-0.258137 -0.469549 0.844328
-0.228144 -0.484831 0.844328
-0.197251 -0.498199 0.844328
-0.16558 -0.509602 0.844328
-0.133255 -0.518993 0.844328
-0.100404 -0.526336 0.844328
-0.0671569 -0.531602 0.844328
-0.0336448 -0.534769 0.844328
-9.84298e-17 -0.535827 0.844328
0.0336448 -0.534769 0.844328
0.0671569 -0.531602 0.844328
0.100404 -0.526336 0.844328
0.133255 -0.518993 0.844328
0.16558 -0.509602 0.844328
0.197251 -0.498199 0.844328
0.228144 -0.484831 0.844328
0.258137 -0.469549 0.844328
0.28711 -0.452414 0.844328
0.314951 -0.433493 0.844328
0.341549 -0.412862 0.844328
0.366799 -0.390601 0.844328
0.390601 -0.366799 0.844328
0.412862 -0.341549 0.844328
0.433493 -0.314951 0.844328
0.452414 -0.28711 0.844328
0.469549 -0.258137 0.844328
0.484831 -0.228144 0.844328
0.498199 -0.197251 0.844328
0.509602 -0.16558 0.844328
0.518993 -0.133255 0.844328
0.526336 -0.100404 0.844328
0.531602 -0.0671569 0.844328
0.534769 -0.0336448 0.844328
0.535827 -1.3124e-16 0.844328

0.562083 0 0.827081
0.560974 0.0352935 0.827081
0.557651 0.0704477 0.827081
0.552127 0.105324 0.827081
0.544424 0.139784 0.827081
0.534573 0.173693 0.827081
0.522612 0.206917 0.827081
0.508588 0.239323 0.827081
0.492557 0.270786 0.827081
0.474583 0.301179 0.827081
0.454735 0.330384 0.827081
0.433093 0.358285 0.827081
0.409741 0.384773 0.827081
0.384773 0.409741 0.827081
0.358285 0.433093 0.827081
0.330384 0.454735 0.827081
0.301179 0.474583 0.827081
0.270786 0.492557 0.827081
0.239323 0.508588 0.827081
0.206917 0.522612 0.827081
0.173693 0.534573 0.827081
0.139784 0.544424 0.827081
0.105324 0.552127 0.827081
0.0704477 0.557651 0.827081
0.0352935 0.560974 0.827081
3.44177e-17 0.562083 0.827081
-0.0352935 0.560974 0.827081
-0.0704477 0.557651 0.827081
-0.105324 0.552127 0.827081
-0.139784 0.544424 0.827081
-0.173693 0.534573 0.827081
-0.206917 0.522612 0.827081
-0.239323 0.508588 0.827081
-0.270786 0.492557 0.827081
-0.301179 0.474583 0.827081
-0.330384 0.454735 0.827081
-0.358285 0.433093 0.827081
-0.384773 0.409741 0.827081
-0.409741 0.384773 0.827081
-0.433093 0.358285 0.827081
-0.454735 0.330384 0.827081
-0.474583 0.301179 0.827081
-0.492557 0.270786 0.827081
-0.508588 0.239323 0.827081
-0.522612 0.206917 0.827081
-0.534573 0.173693 0.827081
-0.544424 0.139784 0.827081
-0.552127 0.105324 0.827081
-0.557651 0.0704477 0.827081
-0.560974 0.0352935 0.827081
-0.562083 6.88354e-17 0.827081
-0.560974 -0.0352935 0.827081
-0.557651 -0.0704477 0.827081
-0.552127 -0.105324 0.827081
-0.544424 -0.139784 0.827081
-0.534573 -0.173693 0.827081
-0.522612 -0.206917 0.827081
-0.508588 -0.239323 0.827081
-0.492557 -0.270786 0.827081
-0.474583 -0.301179 0.827081
-0.454735 -0.330384 0.827081
-0.433093 -0.358285 0.827081
-0.409741 -0.384773 0.827081
-0.384773 -0.409741 0.827081
-0.358285 -0.433093 0.827081
-0.330384 -0.454735 0.827081
-0.301179 -0.474583 0.827081
-0.270786 -0.492557 0.827081
-0.239323 -0.508588 0.827081
-0.206917 -0.522612 0.827081
-0.173693 -0.534573 0.827081
-0.139784 -0.544424 0.827081
-0.105324 -0.552127 0.827081
-0.0704477 -0.557651 0.827081
-0.0352935 -0.560974 0.827081
-1.03253e-16 -0.562083 0.827081
0.0352935 -0.560974 0.827081
0.0704477 -0.557651 0.827081
0.105324 -0.552127 0.827081
0.139784 -0.544424 0.827081
0.173693 -0.534573 0.827081
0.206917 -0.522612 0.827081
0.239323 -0.508588 0.827081
0.270786 -0.492557 0.827081
0.301179 -0.474583 0.827081
0.330384 -0.454735 0.827081
0.358285 -0.433093 0.827081
0.384773 -0.409741 0.827081
0.409741 -0.384773 0.827081
0.433093 -0.358285 0.827081
0.454735 -0.330384 0.827081
0.474583 -0.301179 0.827081
0.492557 -0.270786 0.827081
0.508588 -0.239323 0.827081
0.522612 -0.206917 0.827081
0.534573 -0.173693 0.827081
0.544424 -0.139784 0.827081
0.552127 -0.105324 0.827081
0.557651 -0.0704477 0.827081
0.560974 -0.0352935 0.827081
0.562083 -1.37671e-16 0.827081

0.587785 0 0.809017
0.586625 0.0369073 0.809017
0.58315 0.073669 0.809017
0.577374 0.11014 0.809017
0.569319 0.146176 0.809017
0.559017 0.181636 0.809017
0.546509 0.216378 0.809017
0.531844 0.250267 0.809017
0.51508 0.283168 0.809017
0.496284 0.314951 0.809017
0.475528 0.345492 0.809017
0.452896 0.374668 0.809017
0.428477 0.402367 0.809017
0.402367 0.428477 0.809017
0.374668 0.452896 0.809017
0.345492 0.475528 0.809017
0.314951 0.496284 0.809017
0.283168 0.51508 0.809017
0.250267 0.531844 0.809017
0.216378 0.546509 0.809017
0.181636 0.559017 0.809017
0.146176 0.569319 0.809017
0.11014 0.577374 0.809017
0.073669 0.58315 0.809017
0.0369073 0.586625 0.809017
3.59915e-17 0.587785 0.809017
-0.0369073 0.586625 0.809017
-0.073669 0.58315 0.809017
-0.11014 0.577374 0.809017
-0.146176 0.569319 0.809017
-0.181636 0.559017 0.809017
-0.216378 0.546509 0.809017
-0.250267 0.531844 0.809017
-0.283168 0.51508 0.809017
-0.314951 0.496284 0.809017
-0.345492 0.475528 0.809017
-0.374668 0.452896 0.809017
-0.402367 0.428477 0.809017
-0.428477 0.402367 0.809017
-0.452896 0.374668 0.809017
-0.475528 0.345492 0.809017
-0.496284 0.314951 0.809017
-0.51508 0.283168 0.809017
-0.531844 0.250267 0.809017
-0.546509 0.216378 0.809017
-0.559017 0.181636 0.809017
-0.569319 0.146176 0.809017
-0.577374 0.11014 0.809017
-0.58315 0.073669 0.809017
-0.586625 0.0369073 0.809017
-0.587785 7.19829e-17 0.809017
-0.586625 -0.0369073 0.809017
-0.58315 -0.073669 0.809017
-0.577374 -0.11014 0.809017
-0.569319 -0.146176 0.809017
-0.559017 -0.181636 0.809017
-0.546509 -0.216378 0.809017
-0.531844 -0.250267 0.809017
-0.51508 -0.283168 0.809017
-0.496284 -0.314951 0.809017
-0.475528 -0.345492 0.809017
-0.452896 -0.374668 0.809017
-0.428477 -0.402367 0.809017
-0.402367 -0.428477 0.809017
-0.374668 -0.452896 0.809017
-0.345492 -0.475528 0.809017
-0.314951 -0.496284 0.809017
-0.283168 -0.51508 0.809017
-0.250267 -0.531844 0.809017
-0.216378 -0.546509 0.809017
-0.181636 -0.559017 0.809017
-0.146176 -0.569319 0.809017
-0.11014 -0.577374 0.809017
-0.073669 -0.58315 0.809017
-0.0369073 -0.586625 0.809017
-1.07974e-16 -0.587785 0.809017
0.0369073 -0.586625 0.809017
0.073669 -0.58315 0.809017
0.11014 -0.577374 0.809017
0.146176 -0.569319 0.809017
0.181636 -0.559017 0.809017
0.216378 -0.546509 0.809017
0.250267 -0.531844 0.809017
0.283168 -0.51508 0.809017
0.314951 -0.496284 0.809017
0.345492 -0.475528 0.809017
0.374668 -0.452896 0.809017
0.402367 -0.428477 0.809017
0.428477 -0.402367 0.809017
0.452896 -0.374668 0.809017
0.475528 -0.345492 0.809017
0.496284 -0.314951 0.809017
0.51508 -0.283168 0.809017
0.531844 -0.250267 0.809017
0.546509 -0.216378 0.809017
0.559017 -0.181636 0.809017
0.569319 -0.146176 0.809017
0.577374 -0.11014 0.809017
0.58315 -0.073669 0.809017
0.586625 -0.0369073 0.809017
0.587785 -1.43966e-16 0.809017

0.612907 0 0.790155
0.611698 0.0384848 0.790155
0.608074 0.0768176 0.790155
0.602051 0.114847 0.790155
0.593651 0.152424 0.790155
0.582909 0.189399 0.790155
0.569867 0.225626 0.790155
0.554575 0.260963 0.790155
0.537095 0.29527 0.790155
0.517495 0.328412 0.790155
0.495852 0.360258 0.790155
0.472253 0.390682 0.790155
0.44679 0.419564 0.790155
0.419564 0.44679 0.790155
0.390682 0.472253 0.790155
0.360258 0.495852 0.790155
0.328412 0.517495 0.790155
0.29527 0.537095 0.790155
0.260963 0.554575 0.790155
0.225626 0.569867 0.790155
0.189399 0.582909 0.790155
0.152424 0.593651 0.790155
0.114847 0.602051 0.790155
0.0768176 0.608074 0.790155
0.0384848 0.611698 0.790155
3.75297e-17 0.612907 0.790155
-0.0384848 0.611698 0.790155
-0.0768176 0.608074 0.790155
-0.114847 0.602051 0.790155
-0.152424 0.593651 0.790155
-0.189399 0.582909 0.790155
-0.225626 0.569867 0.790155
-0.260963 0.554575 0.790155
-0.29527 0.537095 0.790155
-0.328412 0.517495 0.790155
-0.360258 0.495852 0.790155
-0.390682 0.472253 0.790155
-0.419564 0.44679 0.790155
-0.44679 0.419564 0.790155
-0.472253 0.390682 0.790155
-0.495852 0.360258 0.790155
-0.517495 0.328412 0.790155
-0.537095 0.29527 0.790155
-0.554575 0.260963 0.790155
-0.569867 0.225626 0.790155
-0.582909 0.189399 0.790155
-0.593651 0.152424 0.790155
-0.602051 0.114847 0.790155
-0.608074 0.0768176 0.790155
-0.611698 0.0384848 0.790155
-0.612907 7.50595e-17 0.790155
-0.611698 -0.0384848 0.790155
-0.608074 -0.0768176 0.790155
-0.602051 -0.114847 0.790155
-0.593651 -0.152424 0.790155
-0.582909 -0.189399 0.790155
-0.569867 -0.225626 0.790155
-0.554575 -0.260963 0.790155
-0.537095 -0.29527 0.790155
-0.517495 -0.328412 0.790155
-0.495852 -0.360258 0.790155
-0.472253 -0.390682 0.790155
-0.44679 -0.419564 0.790155
-0.419564 -0.44679 0.790155
-0.390682 -0.472253 0.790155
-0.360258 -0.495852 0.790155
-0.328412 -0.517495 0.790155
-0.29527 -0.537095 0.790155
-0.260963 -0.554575 0.790155
-0.225626 -0.569867 0.790155
-0.189399 -0.582909 0.790155
-0.152424 -0.593651 0.790155
-0.114847 -0.602051 0.790155
-0.0768176 -0.608074 0.790155
-0.0384848 -0.611698 0.790155
-1.12589e-16 -0.612907 0.790155
0.0384848 -0.611698 0.790155
0.0768176 -0.608074 0.790155
0.114847 -0.602051 0.790155
0.152424 -0.593651 0.790155
0.189399 -0.582909 0.790155
0.225626 -0.569867 0.790155
0.260963 -0.554575 0.790155
0.29527 -0.537095 0.790155
0.328412 -0.517495 0.790155
0.360258 -0.495852 0.790155
0.390682 -0.472253 0.790155
0.419564 -0.44679 0.790155
0.44679 -0.419564 0.790155
0.472253 -0.390682 0.790155
0.495852 -0.360258 0.790155
0.517495 -0.328412 0.790155
0.537095 -0.29527 0.790155
0.554575 -0.260963 0.790155
0.569867 -0.225626 0.790155
0.582909 -0.189399 0.790155
0.593651 -0.152424 0.790155
0.602051 -0.114847 0.790155
0.608074 -0.0768176 0.790155
0.611698 -0.0384848 0.790155
0.612907 -1.50119e-16 0.790155

0.637424 0 0.770513
0.636166 0.0400242 0.770513
0.632398 0.0798904 0.770513
0.626133 0.119441 0.770513
0.617398 0.158521 0.770513
0.606226 0.196975 0.770513
0.592662 0.234651 0.770513
0.576758 0.271402 0.770513
0.558579 0.307081 0.770513
0.538195 0.341549 0.770513
0.515687 0.374668 0.770513
0.491144 0.406309 0.770513
0.464662 0.436347 0.770513
0.436347 0.464662 0.770513
0.406309 0.491144 0.770513
0.374668 0.515687 0.770513
0.341549 0.538195 0.770513
0.307081 0.558579 0.770513
0.271402 0.576758 0.770513
0.234651 0.592662 0.770513
0.196975 0.606226 0.770513
0.158521 0.617398 0.770513
0.119441 0.626133 0.770513
0.0798904 0.632398 0.770513
0.0400242 0.636166 0.770513
3.9031e-17 0.637424 0.770513
-0.0400242 0.636166 0.770513
-0.0798904 0.632398 0.770513
-0.119441 0.626133 0.770513
-0.158521 0.617398 0.770513
-0.196975 0.606226 0.770513
-0.234651 0.592662 0.770513
-0.271402 0.576758 0.770513
-0.307081 0.558579 0.770513
-0.341549 0.538195 0.770513
-0.374668 0.515687 0.770513
-0.406309 0.491144 0.770513
-0.436347 0.464662 0.770513
-0.464662 0.436347 0.770513
-0.491144 0.406309 0.770513
-0.515687 0.374668 0.770513
-0.538195 0.341549 0.770513
-0.558579 0.307081 0.770513
-0.576758 0.271402 0.770513
-0.592662 0.234651 0.770513
-0.606226 0.196975 0.770513
-0.617398 0.158521 0.770513
-0.626133 0.119441 0.770513
-0.632398 0.0798904 0.770513
-0.636166 0.0400242 0.770513
-0.637424 7.80619e-17 0.770513
-0.636166 -0.0400242 0.770513
-0.632398 -0.0798904 0.770513
-0.626133 -0.119441 0.770513
-0.617398 -0.158521 0.770513
-0.606226 -0.196975 0.770513
-0.592662 -0.234651 0.770513
-0.576758 -0.271402 0.770513
-0.558579 -0.307081 0.770513
-0.538195 -0.341549 0.770513
-0.515687 -0.374668 0.770513
-0.491144 -0.406309 0.770513
-0.464662 -0.436347 0.770513
-0.436347 -0.464662 0.770513
-0.406309 -0.491144 0.770513
-0.374668 -0.515687 0.770513
-0.341549 -0.538195 0.770513
-0.307081 -0.558579 0.770513
-0.271402 -0.576758 0.770513
-0.234651 -0.592662 0.770513
-0.196975 -0.606226 0.770513
-0.158521 -0.617398 0.770513
-0.119441 -0.626133 0.770513
-0.0798904 -0.632398 0.770513
-0.0400242 -0.636166 0.770513
-1.17093e-16 -0.637424 0.770513
0.0400242 -0.636166 0.770513
0.0798904 -0.632398 0.770513
0.119441 -0.626133 0.770513
0.158521 -0.617398 0.770513
0.196975 -0.606226 0.770513
0.234651 -0.592662 0.770513
0.271402 -0.576758 0.770513
0.307081 -0.558579 0.770513
0.341549 -0.538195 0.770513
0.374668 -0.515687 0.770513
0.406309 -0.491144 0.770513
0.436347 -0.464662 0.770513
0.464662 -0.436347 0.770513
0.491144 -0.406309 0.770513
0.515687 -0.374668 0.770513
0.538195 -0.341549 0.770513
0.558579 -0.307081 0.770513
0.576758 -0.271402 0.770513
0.592662 -0.234651 0.770513
0.606226 -0.196975 0.770513
0.617398 -0.158521 0.770513
0.626133 -0.119441 0.770513
0.632398 -0.0798904 0.770513
0.636166 -0.0400242 0.770513
0.637424 -1.56124e-16 0.770513

0.661312 0 0.750111
0.660007 0.0415241 0.750111
0.656097 0.0828844 0.750111
0.649598 0.123917 0.750111
0.640536 0.164462 0.750111
0.628945 0.204357 0.750111
0.614872 0.243445 0.750111
0.598373 0.281573 0.750111
0.579512 0.318589 0.750111
0.558364 0.354349 0.750111
0.535013 0.388709 0.750111
0.50955 0.421536 0.750111
0.482076 0.452699 0.750111
0.452699 0.482076 0.750111
0.421536 0.50955 0.750111
0.388709 0.535013 0.750111
0.354349 0.558364 0.750111
0.318589 0.579512 0.750111
0.281573 0.598373 0.750111
0.243445 0.614872 0.750111
0.204357 0.628945 0.750111
0.164462 0.640536 0.750111
0.123917 0.649598 0.750111
0.0828844 0.656097 0.750111
0.0415241 0.660007 0.750111
4.04937e-17 0.661312 0.750111
-0.0415241 0.660007 0.750111
-0.0828844 0.656097 0.750111
-0.123917 0.649598 0.750111
-0.164462 0.640536 0.750111
-0.204357 0.628945 0.750111
-0.243445 0.614872 0.750111
-0.281573 0.598373 0.750111
-0.318589 0.579512 0.750111
-0.354349 0.558364 0.750111
-0.388709 0.535013 0.750111
-0.421536 0.50955 0.750111
-0.452699 0.482076 0.750111
-0.482076 0.452699 0.750111
-0.50955 0.421536 0.750111
-0.535013 0.388709 0.750111
-0.558364 0.354349 0.750111
-0.579512 0.318589 0.750111
-0.598373 0.281573 0.750111
-0.614872 0.243445 0.750111
-0.628945 0.204357 0.750111
-0.640536 0.164462 0.750111
-0.649598 0.123917 0.750111
-0.656097 0.0828844 0.750111
-0.660007 0.0415241 0.750111
-0.661312 8.09873e-17 0.750111
-0.660007 -0.0415241 0.750111
-0.656097 -0.0828844 0.750111
-0.649598 -0.123917 0.750111
-0.640536 -0.164462 0.750111
-0.628945 -0.204357 0.750111
-0.614872 -0.243445 0.750111
-0.598373 -0.281573 0.750111
-0.579512 -0.318589 0.750111
-0.558364 -0.354349 0.750111
-0.535013 -0.388709 0.750111
-0.50955 -0.421536 0.750111
-0.482076 -0.452699 0.750111
-0.452699 -0.482076 0.750111
-0.421536 -0.50955 0.750111
-0.388709 -0.535013 0.750111
-0.354349 -0.558364 0.750111
-0.318589 -0.579512 0.750111
-0.281573 -0.598373 0.750111
-0.243445 -0.614872 0.750111
-0.204357 -0.628945 0.750111
-0.164462 -0.640536 0.750111
-0.123917 -0.649598 0.750111
-0.0828844 -0.656097 0.750111
-0.0415241 -0.660007 0.750111
-1.21481e-16 -0.661312 0.750111
0.0415241 -0.660007 0.750111
0.0828844 -0.656097 0.750111
0.123917 -0.649598 0.750111
0.164462 -0.640536 0.750111
0.204357 -0.628945 0.750111
0.243445 -0.614872 0.750111
0.281573 -0.598373 0.750111
0.318589 -0.579512 0.750111
0.354349 -0.558364 0.750111
0.388709 -0.535013 0.750111
0.421536 -0.50955 0.750111
0.452699 -0.482076 0.750111
0.482076 -0.452699 0.750111
0.50955 -0.421536 0.750111
0.535013 -0.388709 0.750111
0.558364 -0.354349 0.750111
0.579512 -0.318589 0.750111
0.598373 -0.281573 0.750111
0.614872 -0.243445 0.750111
0.628945 -0.204357 0.750111
0.640536 -0.164462 0.750111
0.649598 -0.123917 0.750111
0.656097 -0.0828844 0.750111
0.660007 -0.0415241 0.750111
0.661312 -1.61975e-16 0.750111

0.684547 0 0.728969
0.683196 0.0429831 0.728969
0.679149 0.0857965 0.728969
0.672422 0.128271 0.728969
0.663041 0.17024 0.728969
0.651043 0.211537 0.728969
0.636476 0.251999 0.728969
0.619397 0.291466 0.728969
0.599873 0.329783 0.728969
0.577982 0.366799 0.728969
0.55381 0.402367 0.728969
0.527453 0.436347 0.728969
0.499013 0.468605 0.728969
0.468605 0.499013 0.728969
0.436347 0.527453 0.728969
0.402367 0.55381 0.728969
0.366799 0.577982 0.728969
0.329783 0.599873 0.728969
0.291466 0.619397 0.728969
0.251999 0.636476 0.728969
0.211537 0.651043 0.728969
0.17024 0.663041 0.728969
0.128271 0.672422 0.728969
0.0857965 0.679149 0.728969
0.0429831 0.683196 0.728969
4.19164e-17 0.684547 0.728969
-0.0429831 0.683196 0.728969
-0.0857965 0.679149 0.728969
-0.128271 0.672422 0.728969
-0.17024 0.663041 0.728969
-0.211537 0.651043 0.728969
-0.251999 0.636476 0.728969
-0.291466 0.619397 0.728969
-0.329783 0.599873 0.728969
-0.366799 0.577982 0.728969
-0.402367 0.55381 0.728969
-0.436347 0.527453 0.728969
-0.468605 0.499013 0.728969
-0.499013 0.468605 0.728969
-0.527453 0.436347 0.728969
-0.55381 0.402367 0.728969
-0.577982 0.366799 0.728969
-0.599873 0.329783 0.728969
-0.619397 0.291466 0.728969
-0.636476 0.251999 0.728969
-0.651043 0.211537 0.728969
-0.663041 0.17024 0.728969
-0.672422 0.128271 0.728969
-0.679149 0.0857965 0.728969
-0.683196 0.0429831 0.728969
-0.684547 8.38328e-17 0.728969
-0.683196 -0.0429831 0.728969
-0.679149 -0.0857965 0.728969
-0.672422 -0.128271 0.728969
-0.663041 -0.17024 0.728969
-0.651043 -0.211537 0.728969
-0.636476 -0.251999 0.728969
-0.619397 -0.291466 0.728969
-0.599873 -0.329783 0.728969
-0.577982 -0.366799 0.728969
-0.55381 -0.402367 0.728969
-0.527453 -0.436347 0.728969
-0.499013 -0.468605 0.728969
-0.468605 -0.499013 0.728969
-0.436347 -0.527453 0.728969
-0.402367 -0.55381 0.728969
-0.366799 -0.577982 0.728969
-0.329783 -0.599873 0.728969
-0.291466 -0.619397 0.728969
-0.251999 -0.636476 0.728969
-0.211537 -0.651043 0.728969
-0.17024 -0.663041 0.728969
-0.128271 -0.672422 0.728969
-0.0857965 -0.679149 0.728969
-0.0429831 -0.683196 0.728969
-1.25749e-16 -0.684547 0.728969
0.0429831 -0.683196 0.728969
0.0857965 -0.679149 0.728969
0.128271 -0.672422 0.728969
0.17024 -0.663041 0.728969
0.211537 -0.651043 0.728969
0.251999 -0.636476 0.728969
0.291466 -0.619397 0.728969
0.329783 -0.599873 0.728969
0.366799 -0.577982 0.728969
0.402367 -0.55381 0.728969
0.436347 -0.527453 0.728969
0.468605 -0.499013 0.728969
0.499013 -0.468605 0.728969
0.527453 -0.436347 0.728969
0.55381 -0.402367 0.728969
0.577982 -0.366799 0.728969
0.599873 -0.329783 0.728969
0.619397 -0.291466 0.728969
0.636476 -0.251999 0.728969
0.651043 -0.211537 0.728969
0.663041 -0.17024 0.728969
0.672422 -0.128271 0.728969
0.679149 -0.0857965 0.728969
0.683196 -0.0429831 0.728969
0.684547 -1.67666e-16 0.728969

0.707107 0 0.707107
0.705711 0.0443996 0.707107
0.701531 0.088624 0.707107
0.694582 0.132499 0.707107
0.684892 0.17585 0.707107
0.672499 0.218508 0.707107
0.657451 0.260303 0.707107
0.639809 0.301071 0.707107
0.619642 0.340651 0.707107
0.59703 0.378887 0.707107
0.572061 0.415627 0.707107
0.544835 0.450727 0.707107
0.515459 0.484048 0.707107
0.484048 0.515459 0.707107
0.450727 0.544835 0.707107
0.415627 0.572061 0.707107
0.378887 0.59703 0.707107
0.340651 0.619642 0.707107
0.301071 0.639809 0.707107
0.260303 0.657451 0.707107
0.218508 0.672499 0.707107
0.17585 0.684892 0.707107
0.132499 0.694582 0.707107
0.088624 0.701531 0.707107
0.0443996 0.705711 0.707107
4.32978e-17 0.707107 0.707107
-0.0443996 0.705711 0.707107
-0.088624 0.701531 0.707107
-0.132499 0.694582 0.707107
-0.17585 0.684892 0.707107
-0.218508 0.672499 0.707107
-0.260303 0.657451 0.707107
-0.301071 0.639809 0.707107
-0.340651 0.619642 0.707107
-0.378887 0.59703 0.707107
-0.415627 0.572061 0.707107
-0.450727 0.544835 0.707107
-0.484048 0.515459 0.707107
-0.515459 0.484048 0.707107
-0.544835 0.450727 0.707107
-0.572061 0.415627 0.707107
-0.59703 0.378887 0.707107
-0.619642 0.340651 0.707107
-0.639809 0.301071 0.707107
-0.657451 0.260303 0.707107
-0.672499 0.218508 0.707107
-0.684892 0.17585 0.707107
-0.694582 0.132499 0.707107
-0.701531 0.088624 0.707107
-0.705711 0.0443996 0.707107
-0.707107 8.65956e-17 0.707107
-0.705711 -0.0443996 0.707107
-0.701531 -0.088624 0.707107
-0.694582 -0.132499 0.707107
-0.684892 -0.17585 0.707107
-0.672499 -0.218508 0.707107
-0.657451 -0.260303 0.707107
-0.639809 -0.301071 0.707107
-0.619642 -0.340651 0.707107
-0.59703 -0.378887 0.707107
-0.572061 -0.415627 0.707107
-0.544835 -0.450727 0.707107
-0.515459 -0.484048 0.707107
-0.484048 -0.515459 0.707107
-0.450727 -0.544835 0.707107
-0.415627 -0.572061 0.707107
-0.378887 -0.59703 0.707107
-0.340651 -0.619642 0.707107
-0.301071 -0.639809 0.707107
-0.260303 -0.657451 0.707107
-0.218508 -0.672499 0.707107
-0.17585 -0.684892 0.707107
-0.132499 -0.694582 0.707107
-0.088624 -0.701531 0.707107
-0.0443996 -0.705711 0.707107
-1.29893e-16 -0.707107 0.707107
0.0443996 -0.705711 0.707107
0.088624 -0.701531 0.707107
0.132499 -0.694582 0.707107
0.17585 -0.684892 0.707107
0.218508 -0.672499 0.707107
0.260303 -0.657451 0.707107
0.301071 -0.639809 0.707107
0.340651 -0.619642 0.707107
0.378887 -0.59703 0.707107
0.415627 -0.572061 0.707107
0.450727 -0.544835 0.707107
0.484048 -0.515459 0.707107
0.515459 -0.484048 0.707107
0.544835 -0.450727 0.707107
0.572061 -0.415627 0.707107
0.59703 -0.378887 0.707107
0.619642 -0.340651 0.707107
0.639809 -0.301071 0.707107
0.657451 -0.260303 0.707107
0.672499 -0.218508 0.707107
0.684892 -0.17585 0.707107
0.694582 -0.132499 0.707107
0.701531 -0.088624 0.707107
0.705711 -0.0443996 0.707107
0.707107 -1.73191e-16 0.707107

0.728969 0 0.684547
0.72753 0.0457723 0.684547
0.72322 0.091364 0.684547
0.716057 0.136595 0.684547
0.706067 0.181287 0.684547
0.69329 0.225264 0.684547
0.677778 0.268351 0.684547
0.659591 0.31038 0.684547
0.6388 0.351183 0.684547
0.615489 0.390601 0.684547
0.589748 0.428477 0.684547
0.56168 0.464662 0.684547
0.531395 0.499013 0.684547
0.499013 0.531395 0.684547
0.464662 0.56168 0.684547
0.428477 0.589748 0.684547
0.390601 0.615489 0.684547
0.351183 0.6388 0.684547
0.31038 0.659591 0.684547
0.268351 0.677778 0.684547
0.225264 0.69329 0.684547
0.181287 0.706067 0.684547
0.136595 0.716057 0.684547
0.091364 0.72322 0.684547
0.0457723 0.72753 0.684547
4.46365e-17 0.728969 0.684547
-0.0457723 0.72753 0.684547
-0.091364 0.72322 0.684547
-0.136595 0.716057 0.684547
-0.181287 0.706067 0.684547
-0.225264 0.69329 0.684547
-0.268351 0.677778 0.684547
-0.31038 0.659591 0.684547
-0.351183 0.6388 0.684547
-0.390601 0.615489 0.684547
-0.428477 0.589748 0.684547
-0.464662 0.56168 0.684547
-0.499013 0.531395 0.684547
-0.531395 0.499013 0.684547
-0.56168 0.464662 0.684547
-0.589748 0.428477 0.684547
-0.615489 0.390601 0.684547
-0.6388 0.351183 0.684547
-0.659591 0.31038 0.684547
-0.677778 0.268351 0.684547
-0.69329 0.225264 0.684547
-0.706067 0.181287 0.684547
-0.716057 0.136595 0.684547
-0.72322 0.091364 0.684547
-0.72753 0.0457723 0.684547
-0.728969 8.92729e-17 0.684547
-0.72753 -0.0457723 0.684547
-0.72322 -0.091364 0.684547
-0.716057 -0.136595 0.684547
-0.706067 -0.181287 0.684547
-0.69329 -0.225264 0.684547
-0.677778 -0.268351 0.684547
-0.659591 -0.31038 0.684547
-0.6388 -0.351183 0.684547
-0.615489 -0.390601 0.684547
-0.589748 -0.428477 0.684547
-0.56168 -0.464662 0.684547
-0.531395 -0.499013 0.684547
-0.499013 -0.531395 0.684547
-0.464662 -0.56168 0.684547
-0.428477 -0.589748 0.684547
-0.390601 -0.615489 0.684547
-0.351183 -0.6388 0.684547
-0.31038 -0.659591 0.684547
-0.268351 -0.677778 0.684547
-0.225264 -0.69329 0.684547
-0.181287 -0.706067 0.684547
-0.136595 -0.716057 0.684547
-0.091364 -0.72322 0.684547
-0.0457723 -0.72753 0.684547
-1.33909e-16 -0.728969 0.684547
0.0457723 -0.72753 0.684547
0.091364 -0.72322 0.684547
0.136595 -0.716057 0.684547
0.181287 -0.706067 0.684547
0.225264 -0.69329 0.684547
0.268351 -0.677778 0.684547
0.31038 -0.659591 0.684547
0.351183 -0.6388 0.684547
0.390601 -0.615489 0.684547
0.428477 -0.589748 0.684547
0.464662 -0.56168 0.684547
0.499013 -0.531395 0.684547
0.531395 -0.499013 0.684547
0.56168 -0.464662 0.684547
0.589748 -0.428477 0.684547
0.615489 -0.390601 0.684547
0.6388 -0.351183 0.684547
0.659591 -0.31038 0.684547
0.677778 -0.268351 0.684547
0.69329 -0.225264 0.684547
0.706067 -0.181287 0.684547
0.716057 -0.136595 0.684547
0.72322 -0.091364 0.684547
0.72753 -0.0457723 0.684547
0.728969 -1.78546e-16 0.684547

0.750111 0 0.661312
0.748631 0.0470999 0.661312
0.744196 0.0940138 0.661312
0.736825 0.140557 0.661312
0.726545 0.186545 0.661312
0.713398 0.231797 0.661312
0.697436 0.276134 0.661312
0.678721 0.319382 0.661312
0.657327 0.361369 0.661312
0.63334 0.40193 0.661312
0.606853 0.440904 0.661312
0.577971 0.478139 0.661312
0.546807 0.513486 0.661312
0.513486 0.546807 0.661312
0.478139 0.577971 0.661312
0.440904 0.606853 0.661312
0.40193 0.63334 0.661312
0.361369 0.657327 0.661312
0.319382 0.678721 0.661312
0.276134 0.697436 0.661312
0.231797 0.713398 0.661312
0.186545 0.726545 0.661312
0.140557 0.736825 0.661312
0.0940138 0.744196 0.661312
0.0470999 0.748631 0.661312
4.59311e-17 0.750111 0.661312
-0.0470999 0.748631 0.661312
-0.0940138 0.744196 0.661312
-0.140557 0.736825 0.661312
-0.186545 0.726545 0.661312
-0.231797 0.713398 0.661312
-0.276134 0.697436 0.661312
-0.319382 0.678721 0.661312
-0.361369 0.657327 0.661312
-0.40193 0.63334 0.661312
-0.440904 0.606853 0.661312
-0.478139 0.577971 0.661312
-0.513486 0.546807 0.661312
-0.546807 0.513486 0.661312
-0.577971 0.478139 0.661312
-0.606853 0.440904 0.661312
-0.63334 0.40193 0.661312
-0.657327 0.361369 0.661312
-0.678721 0.319382 0.661312
-0.697436 0.276134 0.661312
-0.713398 0.231797 0.661312
-0.726545 0.186545 0.661312
-0.736825 0.140557 0.661312
-0.744196 0.0940138 0.661312
-0.748631 0.0470999 0.661312
-0.750111 9.18621e-17 0.661312
-0.748631 -0.0470999 0.661312
-0.744196 -0.0940138 0.661312
-0.736825 -0.140557 0.661312
-0.726545 -0.186545 0.661312
-0.713398 -0.231797 0.661312
-0.697436 -0.276134 0.661312
-0.678721 -0.319382 0.661312
-0.657327 -0.361369 0.661312
-0.63334 -0.40193 0.661312
-0.606853 -0.440904 0.661312
-0.577971 -0.478139 0.661312
-0.546807 -0.513486 0.661312
-0.513486 -0.546807 0.661312
-0.478139 -0.577971 0.661312
-0.440904 -0.606853 0.661312
-0.40193 -0.63334 0.661312
-0.361369 -0.657327 0.661312
-0.319382 -0.678721 0.661312
-0.276134 -0.697436 0.661312
-0.231797 -0.713398 0.661312
-0.186545 -0.726545 0.661312
-0.140557 -0.736825 0.661312
-0.0940138 -0.744196 0.661312
-0.0470999 -0.748631 0.661312
-1.37793e-16 -0.750111 0.661312
0.0470999 -0.748631 0.661312
0.0940138 -0.744196 0.661312
0.140557 -0.736825 0.661312
0.186545 -0.726545 0.661312
0.231797 -0.713398 0.661312
0.276134 -0.697436 0.661312
0.319382 -0.678721 0.661312
0.361369 -0.657327 0.661312
0.40193 -0.63334 0.661312
0.440904 -0.606853 0.661312
0.478139 -0.577971 0.661312
0.513486 -0.546807 0.661312
0.546807 -0.513486 0.661312
0.577971 -0.478139 0.661312
0.606853 -0.440904 0.661312
0.63334 -0.40193 0.661312
0.657327 -0.361369 0.661312
0.678721 -0.319382 0.661312
0.697436 -0.276134 0.661312
0.713398 -0.231797 0.661312
0.726545 -0.186545 0.661312
0.736825 -0.140557 0.661312
0.744196 -0.0940138 0.661312
0.748631 -0.0470999 0.661312
0.750111 -1.83724e-16 0.661312

0.770513 0 0.637424
0.768993 0.0483809 0.637424
0.764438 0.0965709 0.637424
0.756865 0.14438 0.637424
0.746306 0.191619 0.637424
0.732802 0.238102 0.637424
0.716405 0.283645 0.637424
0.697181 0.328069 0.637424
0.675206 0.371198 0.637424
0.650566 0.412862 0.637424
0.623358 0.452896 0.637424
0.593691 0.491144 0.637424
0.56168 0.527453 0.637424
0.527453 0.56168 0.637424
0.491144 0.593691 0.637424
0.452896 0.623358 0.637424
0.412862 0.650566 0.637424
0.371198 0.675206 0.637424
0.328069 0.697181 0.637424
0.283645 0.716405 0.637424
0.238102 0.732802 0.637424
0.191619 0.746306 0.637424
0.14438 0.756865 0.637424
0.0965709 0.764438 0.637424
0.0483809 0.768993 0.637424
4.71803e-17 0.770513 0.637424
-0.0483809 0.768993 0.637424
-0.0965709 0.764438 0.637424
-0.14438 0.756865 0.637424
-0.191619 0.746306 0.637424
-0.238102 0.732802 0.637424
-0.283645 0.716405 0.637424
-0.328069 0.697181 0.637424
-0.371198 0.675206 0.637424
-0.412862 0.650566 0.637424
-0.452896 0.623358 0.637424
-0.491144 0.593691 0.637424
-0.527453 0.56168 0.637424
-0.56168 0.527453 0.637424
-0.593691 0.491144 0.637424
-0.623358 0.452896 0.637424
-0.650566 0.412862 0.637424
-0.675206 0.371198 0.637424
-0.697181 0.328069 0.637424
-0.716405 0.283645 0.637424
-0.732802 0.238102 0.637424
-0.746306 0.191619 0.637424
-0.756865 0.14438 0.637424
-0.764438 0.0965709 0.637424
-0.768993 0.0483809 0.637424
-0.770513 9.43607e-17 0.637424
-0.768993 -0.0483809 0.637424
-0.764438 -0.0965709 0.637424
-0.756865 -0.14438 0.637424
-0.746306 -0.191619 0.637424
-0.732802 -0.238102 0.637424
-0.716405 -0.283645 0.637424
-0.697181 -0.328069 0.637424
-0.675206 -0.371198 0.637424
-0.650566 -0.412862 0.637424
-0.623358 -0.452896 0.637424
-0.593691 -0.491144 0.637424
-0.56168 -0.527453 0.637424
-0.527453 -0.56168 0.637424
-0.491144 -0.593691 0.637424
-0.452896 -0.623358 0.637424
-0.412862 -0.650566 0.637424
-0.371198 -0.675206 0.637424
-0.328069 -0.697181 0.637424
-0.283645 -0.716405 0.637424
-0.238102 -0.732802 0.637424
-0.191619 -0.746306 0.637424
-0.14438 -0.756865 0.637424
-0.0965709 -0.764438 0.637424
-0.0483809 -0.768993 0.637424
-1.41541e-16 -0.770513 0.637424
0.0483809 -0.768993 0.637424
0.0965709 -0.764438 0.637424
0.14438 -0.756865 0.637424
0.191619 -0.746306 0.637424
0.238102 -0.732802 0.637424
0.283645 -0.716405 0.637424
0.328069 -0.697181 0.637424
0.371198 -0.675206 0.637424
0.412862 -0.650566 0.637424
0.452896 -0.623358 0.637424
0.491144 -0.593691 0.637424
0.527453 -0.56168 0.637424
0.56168 -0.527453 0.637424
0.593691 -0.491144 0.637424
0.623358 -0.452896 0.637424
0.650566 -0.412862 0.637424
0.675206 -0.371198 0.637424
0.697181 -0.328069 0.637424
0.716405 -0.283645 0.637424
0.732802 -0.238102 0.637424
0.746306 -0.191619 0.637424
0.756865 -0.14438 0.637424
0.764438 -0.0965709 0.637424
0.768993 -0.0483809 0.637424
0.770513 -1.88721e-16 0.637424

0.790155 0 0.612907
0.788596 0.0496142 0.612907
0.783924 0.0990327 0.612907
0.776159 0.14806 0.612907
0.765331 0.196504 0.612907
0.751482 0.244171 0.612907
0.734668 0.290875 0.612907
0.714954 0.336432 0.612907
0.692418 0.38066 0.612907
0.66715 0.423386 0.612907
0.639249 0.464441 0.612907
0.608825 0.503664 0.612907
0.575998 0.540898 0.612907
0.540898 0.575998 0.612907
0.503664 0.608825 0.612907
0.464441 0.639249 0.612907
0.423386 0.66715 0.612907
0.38066 0.692418 0.612907
0.336432 0.714954 0.612907
0.290875 0.734668 0.612907
0.244171 0.751482 0.612907
0.196504 0.765331 0.612907
0.14806 0.776159 0.612907
0.0990327 0.783924 0.612907
0.0496142 0.788596 0.612907
4.8383e-17 0.790155 0.612907
-0.0496142 0.788596 0.612907
-0.0990327 0.783924 0.612907
-0.14806 0.776159 0.612907
-0.196504 0.765331 0.612907
-0.244171 0.751482 0.612907
-0.290875 0.734668 0.612907
-0.336432 0.714954 0.612907
-0.38066 0.692418 0.612907
-0.423386 0.66715 0.612907
-0.464441 0.639249 0.612907
-0.503664 0.608825 0.612907
-0.540898 0.575998 0.612907
-0.575998 0.540898 0.612907
-0.608825 0.503664 0.612907
-0.639249 0.464441 0.612907
-0.66715 0.423386 0.612907
-0.692418 0.38066 0.612907
-0.714954 0.336432 0.612907
-0.734668 0.290875 0.612907
-0.751482 0.244171 0.612907
-0.765331 0.196504 0.612907
-0.776159 0.14806 0.612907
-0.783924 0.0990327 0.612907
-0.788596 0.0496142 0.612907
-0.790155 9.67661e-17 0.612907
-0.788596 -0.0496142 0.612907
-0.783924 -0.0990327 0.612907
-0.776159 -0.14806 0.612907
-0.765331 -0.196504 0.612907
-0.751482 -0.244171 0.612907
-0.734668 -0.290875 0.612907
-0.714954 -0.336432 0.612907
-0.692418 -0.38066 0.612907
-0.66715 -0.423386 0.612907
-0.639249 -0.464441 0.612907
-0.608825 -0.503664 0.612907
-0.575998 -0.540898 0.612907
-0.540898 -0.575998 0.612907
-0.503664 -0.608825 0.612907
-0.464441 -0.639249 0.612907
-0.423386 -0.66715 0.612907
-0.38066 -0.692418 0.612907
-0.336432 -0.714954 0.612907
-0.290875 -0.734668 0.612907
-0.244171 -0.751482 0.612907
-0.196504 -0.765331 0.612907
-0.14806 -0.776159 0.612907
-0.0990327 -0.783924 0.612907
-0.0496142 -0.788596 0.612907
-1.45149e-16 -0.790155 0.612907
0.0496142 -0.788596 0.612907
0.0990327 -0.783924 0.612907
0.14806 -0.776159 0.612907
0.196504 -0.765331 0.612907
0.244171 -0.751482 0.612907
0.290875 -0.734668 0.612907
0.336432 -0.714954 0.612907
0.38066 -0.692418 0.612907
0.423386 -0.66715 0.612907
0.464441 -0.639249 0.612907
0.503664 -0.608825 0.612907
0.540898 -0.575998 0.612907
0.575998 -0.540898 0.612907
0.608825 -0.503664 0.612907
0.639249 -0.464441 0.612907
0.66715 -0.423386 0.612907
0.692418 -0.38066 0.612907
0.714954 -0.336432 0.612907
0.734668 -0.290875 0.612907
0.751482 -0.244171 0.612907
0.765331 -0.196504 0.612907
0.776159 -0.14806 0.612907
0.783924 -0.0990327 0.612907
0.788596 -0.0496142 0.612907
0.790155 -1.93532e-16 0.612907

0.809017 0 0.587785
0.807421 0.0507986 0.587785
0.802638 0.101397 0.587785
0.794687 0.151595 0.587785
0.7836 0.201194 0.587785
0.769421 0.25 0.587785
0.752205 0.297819 0.587785
0.73202 0.344463 0.587785
0.708947 0.389747 0.587785
0.683076 0.433493 0.587785
0.654508 0.475528 0.587785
0.623358 0.515687 0.587785
0.589748 0.55381 0.587785
0.55381 0.589748 0.587785
0.515687 0.623358 0.587785
0.475528 0.654508 0.587785
0.433493 0.683076 0.587785
0.389747 0.708947 0.587785
0.344463 0.73202 0.587785
0.297819 0.752205 0.587785
0.25 0.769421 0.587785
0.201194 0.7836 0.587785
0.151595 0.794687 0.587785
0.101397 0.802638 0.587785
0.0507986 0.807421 0.587785
4.9538e-17 0.809017 0.587785
-0.0507986 0.807421 0.587785
-0.101397 0.802638 0.587785
-0.151595 0.794687 0.587785
-0.201194 0.7836 0.587785
-0.25 0.769421 0.587785
-0.297819 0.752205 0.587785
-0.344463 0.73202 0.587785
-0.389747 0.708947 0.587785
-0.433493 0.683076 0.587785
-0.475528 0.654508 0.587785
-0.515687 0.623358 0.587785
-0.55381 0.589748 0.587785
-0.589748 0.55381 0.587785
-0.623358 0.515687 0.587785
-0.654508 0.475528 0.587785
-0.683076 0.433493 0.587785
-0.708947 0.389747 0.587785
-0.73202 0.344463 0.587785
-0.752205 0.297819 0.587785
-0.769421 0.25 0.587785
-0.7836 0.201194 0.587785
-0.794687 0.151595 0.587785
-0.802638 0.101397 0.587785
-0.807421 0.0507986 0.587785
-0.809017 9.9076e-17 0.587785
-0.807421 -0.0507986 0.587785
-0.802638 -0.101397 0.587785
-0.794687 -0.151595 0.587785
-0.7836 -0.201194 0.587785
-0.769421 -0.25 0.587785
-0.752205 -0.297819 0.587785
-0.73202 -0.344463 0.587785
-0.708947 -0.389747 0.587785
-0.683076 -0.433493 0.587785
-0.654508 -0.475528 0.587785
-0.623358 -0.515687 0.587785
-0.589748 -0.55381 0.587785
-0.55381 -0.589748 0.587785
-0.515687 -0.623358 0.587785
-0.475528 -0.654508 0.587785
-0.433493 -0.683076 0.587785
-0.389747 -0.708947 0.587785
-0.344463 -0.73202 0.587785
-0.297819 -0.752205 0.587785
-0.25 -0.769421 0.587785
-0.201194 -0.7836 0.587785
-0.151595 -0.794687 0.587785
-0.101397 -0.802638 0.587785
-0.0507986 -0.807421 0.587785
-1.48614e-16 -0.809017 0.587785
0.0507986 -0.807421 0.587785
0.101397 -0.802638 0.587785
0.151595 -0.794687 0.587785
0.201194 -0.7836 0.587785
0.25 -0.769421 0.587785
0.297819 -0.752205 0.587785
0.344463 -0.73202 0.587785
0.389747 -0.708947 0.587785
0.433493 -0.683076 0.587785
0.475528 -0.654508 0.587785
0.515687 -0.623358 0.587785
0.55381 -0.589748 0.587785
0.589748 -0.55381 0.587785
0.623358 -0.515687 0.587785
0.654508 -0.475528 0.587785
0.683076 -0.433493 0.587785
0.708947 -0.389747 0.587785
0.73202 -0.344463 0.587785
0.752205 -0.297819 0.587785
0.769421 -0.25 0.587785
0.7836 -0.201194 0.587785
0.794687 -0.151595 0.587785
0.802638 -0.101397 0.587785
0.807421 -0.0507986 0.587785
0.809017 -1.98152e-16 0.587785

0.827081 0 0.562083
0.825449 0.0519328 0.562083
0.820559 0.103661 0.562083
0.812431 0.154979 0.562083
0.801096 0.205687 0.562083
0.7866 0.255582 0.562083
0.769 0.304469 0.562083
0.748365 0.352154 0.562083
0.724776 0.398449 0.562083
0.698327 0.443172 0.562083
0.669122 0.486146 0.562083
0.637277 0.527201 0.562083
0.602916 0.566176 0.562083
0.566176 0.602916 0.562083
0.527201 0.637277 0.562083
0.486146 0.669122 0.562083
0.443172 0.698327 0.562083
0.398449 0.724776 0.562083
0.352154 0.748365 0.562083
0.304469 0.769 0.562083
0.255582 0.7866 0.562083
0.205687 0.801096 0.562083
0.154979 0.812431 0.562083
0.103661 0.820559 0.562083
0.0519328 0.825449 0.562083
5.06441e-17 0.827081 0.562083
-0.0519328 0.825449 0.562083
-0.103661 0.820559 0.562083
-0.154979 0.812431 0.562083
-0.205687 0.801096 0.562083
-0.255582 0.7866 0.562083
-0.304469 0.769 0.562083
-0.352154 0.748365 0.562083
-0.398449 0.724776 0.562083
-0.443172 0.698327 0.562083
-0.486146 0.669122 0.562083
-0.527201 0.637277 0.562083
-0.566176 0.602916 0.562083
-0.602916 0.566176 0.562083
-0.637277 0.527201 0.562083
-0.669122 0.486146 0.562083
-0.698327 0.443172 0.562083
-0.724776 0.398449 0.562083
-0.748365 0.352154 0.562083
-0.769 0.304469 0.562083
-0.7866 0.255582 0.562083
-0.801096 0.205687 0.562083
-0.812431 0.154979 0.562083
-0.820559 0.103661 0.562083
-0.825449 0.0519328 0.562083
-0.827081 1.01288e-16 0.562083
-0.825449 -0.0519328 0.562083
-0.820559 -0.103661 0.562083
-0.812431 -0.154979 0.562083
-0.801096 -0.205687 0.562083
-0.7866 -0.255582 0.562083
-0.769 -0.304469 0.562083
-0.748365 -0.352154 0.562083
-0.724776 -0.398449 0.562083
-0.698327 -0.443172 0.562083
-0.669122 -0.486146 0.562083
-0.637277 -0.527201 0.562083
-0.602916 -0.566176 0.562083
-0.566176 -0.602916 0.562083
-0.527201 -0.637277 0.562083
-0.486146 -0.669122 0.562083
-0.443172 -0.698327 0.562083
-0.398449 -0.724776 0.562083
-0.352154 -0.748365 0.562083
-0.304469 -0.769 0.562083
-0.255582 -0.7866 0.562083
-0.205687 -0.801096 0.562083
-0.154979 -0.812431 0.562083
-0.103661 -0.820559 0.562083
-0.0519328 -0.825449 0.562083
-1.51932e-16 -0.827081 0.562083
0.0519328 -0.825449 0.562083
0.103661 -0.820559 0.562083
0.154979 -0.812431 0.562083
0.205687 -0.801096 0.562083
0.255582 -0.7866 0.562083
0.304469 -0.769 0.562083
0.352154 -0.748365 0.562083
0.398449 -0.724776 0.562083
0.443172 -0.698327 0.562083
0.486146 -0.669122 0.562083
0.527201 -0.637277 0.562083
0.566176 -0.602916 0.562083
0.602916 -0.566176 0.562083
0.637277 -0.527201 0.562083
0.669122 -0.486146 0.562083
0.698327 -0.443172 0.562083
0.724776 -0.398449 0.562083
0.748365 -0.352154 0.562083
0.769 -0.304469 0.562083
0.7866 -0.255582 0.562083
0.801096 -0.205687 0.562083
0.812431 -0.154979 0.562083
0.820559 -0.103661 0.562083
0.825449 -0.0519328 0.562083
0.827081 -2.02576e-16 0.562083

0.844328 0 0.535827
0.842662 0.0530158 0.535827
0.83767 0.105822 0.535827
0.829373 0.158211 0.535827
0.817802 0.209976 0.535827
0.803004 0.260912 0.535827
0.785036 0.310818 0.535827
0.763971 0.359497 0.535827
0.73989 0.406758 0.535827
0.71289 0.452414 0.535827
0.683076 0.496284 0.535827
0.650566 0.538195 0.535827
0.615489 0.577982 0.535827
0.577982 0.615489 0.535827
0.538195 0.650566 0.535827
0.496284 0.683076 0.535827
0.452414 0.71289 0.535827
0.406758 0.73989 0.535827
0.359497 0.763971 0.535827
0.310818 0.785036 0.535827
0.260912 0.803004 0.535827
0.209976 0.817802 0.535827
0.158211 0.829373 0.535827
0.105822 0.83767 0.535827
0.0530158 0.842662 0.535827
5.17002e-17 0.844328 0.535827
-0.0530158 0.842662 0.535827
-0.105822 0.83767 0.535827
-0.158211 0.829373 0.535827
-0.209976 0.817802 0.535827
-0.260912 0.803004 0.535827
-0.310818 0.785036 0.535827
-0.359497 0.763971 0.535827
-0.406758 0.73989 0.535827
-0.452414 0.71289 0.535827
-0.496284 0.683076 0.535827
-0.538195 0.650566 0.535827
-0.577982 0.615489 0.535827
-0.615489 0.577982 0.535827
-0.650566 0.538195 0.535827
-0.683076 0.496284 0.535827
-0.71289 0.452414 0.535827
-0.73989 0.406758 0.535827
-0.763971 0.359497 0.535827
-0.785036 0.310818 0.535827
-0.803004 0.260912 0.535827
-0.817802 0.209976 0.535827
-0.829373 0.158211 0.535827
-0.83767 0.105822 0.535827
-0.842662 0.0530158 0.535827
-0.844328 1.034e-16 0.535827
-0.842662 -0.0530158 0.535827
-0.83767 -0.105822 0.535827
-0.829373 -0.158211 0.535827
-0.817802 -0.209976 0.535827
-0.803004 -0.260912 0.535827
-0.785036 -0.310818 0.535827
-0.763971 -0.359497 0.535827
-0.73989 -0.406758 0.535827
-0.71289 -0.452414 0.535827
-0.683076 -0.496284 0.535827
-0.650566 -0.538195 0.535827
-0.615489 -0.577982 0.535827
-0.577982 -0.615489 0.535827
-0.538195 -0.650566 0.535827
-0.496284 -0.683076 0.535827
-0.452414 -0.71289 0.535827
-0.406758 -0.73989 0.535827
-0.359497 -0.763971 0.535827
-0.310818 -0.785036 0.535827
-0.260912 -0.803004 0.535827
-0.209976 -0.817802 0.535827
-0.158211 -0.829373 0.535827
-0.105822 -0.83767 0.535827
-0.0530158 -0.842662 0.535827
-1.55101e-16 -0.844328 0.535827
0.0530158 -0.842662 0.535827
0.105822 -0.83767 0.535827
0.158211 -0.829373 0.535827
0.209976 -0.817802 0.535827
0.260912 -0.803004 0.535827
0.310818 -0.785036 0.535827
0.359497 -0.763971 0.535827
0.406758 -0.73989 0.535827
0.452414 -0.71289 0.535827
0.496284 -0.683076 0.535827
0.538195 -0.650566 0.535827
0.577982 -0.615489 0.535827
0.615489 -0.577982 0.535827
0.650566 -0.538195 0.535827
0.683076 -0.496284 0.535827
0.71289 -0.452414 0.535827
0.73989 -0.406758 0.535827
0.763971 -0.359497 0.535827
0.785036 -0.310818 0.535827
0.803004 -0.260912 0.535827
0.817802 -0.209976 0.535827
0.829373 -0.158211 0.535827
0.83767 -0.105822 0.535827
0.842662 -0.0530158 0.535827
0.844328 -2.06801e-16 0.535827

0.860742 0 0.509041
0.859044 0.0540464 0.509041
0.853955 0.10788 0.509041
0.845496 0.161287 0.509041
0.8337 0.214058 0.509041
0.818614 0.265984 0.509041
0.800298 0.31686 0.509041
0.778823 0.366486 0.509041
0.754274 0.414666 0.509041
0.726749 0.461209 0.509041
0.696355 0.505931 0.509041
0.663213 0.548658 0.509041
0.627454 0.589218 0.509041
0.589218 0.627454 0.509041
0.548658 0.663213 0.509041
0.505931 0.696355 0.509041
0.461209 0.726749 0.509041
0.414666 0.754274 0.509041
0.366486 0.778823 0.509041
0.31686 0.800298 0.509041
0.265984 0.818614 0.509041
0.214058 0.8337 0.509041
0.161287 0.845496 0.509041
0.10788 0.853955 0.509041
0.0540464 0.859044 0.509041
5.27052e-17 0.860742 0.509041
-0.0540464 0.859044 0.509041
-0.10788 0.853955 0.509041
-0.161287 0.845496 0.509041
-0.214058 0.8337 0.509041
-0.265984 0.818614 0.509041
-0.31686 0.800298 0.509041
-0.366486 0.778823 0.509041
-0.414666 0.754274 0.509041
-0.461209 0.726749 0.509041
-0.505931 0.696355 0.509041
-0.548658 0.663213 0.509041
-0.589218 0.627454 0.509041
-0.627454 0.589218 0.509041
-0.663213 0.548658 0.509041
-0.696355 0.505931 0.509041
-0.726749 0.461209 0.509041
-0.754274 0.414666 0.509041
-0.778823 0.366486 0.509041
-0.800298 0.31686 0.509041
-0.818614 0.265984 0.509041
-0.8337 0.214058 0.509041
-0.845496 0.161287 0.509041
-0.853955 0.10788 0.509041
-0.859044 0.0540464 0.509041
-0.860742 1.0541e-16 0.509041
-0.859044 -0.0540464 0.509041
-0.853955 -0.10788 0.509041
-0.845496 -0.161287 0.509041
-0.8337 -0.214058 0.509041
-0.818614 -0.265984 0.509041
-0.800298 -0.31686 0.509041
-0.778823 -0.366486 0.509041
-0.754274 -0.414666 0.509041
-0.726749 -0.461209 0.509041
-0.696355 -0.505931 0.509041
-0.663213 -0.548658 0.509041
-0.627454 -0.589218 0.509041
-0.589218 -0.627454 0.509041
-0.548658 -0.663213 0.509041
-0.505931 -0.696355 0.509041
-0.461209 -0.726749 0.509041
-0.414666 -0.754274 0.509041
-0.366486 -0.778823 0.509041
-0.31686 -0.800298 0.509041
-0.265984 -0.818614 0.509041
-0.214058 -0.8337 0.509041
-0.161287 -0.845496 0.509041
-0.10788 -0.853955 0.509041
-0.0540464 -0.859044 0.509041
-1.58116e-16 -0.860742 0.509041
0.0540464 -0.859044 0.509041
0.10788 -0.853955 0.509041
0.161287 -0.845496 0.509041
0.214058 -0.8337 0.509041
0.265984 -0.818614 0.509041
0.31686 -0.800298 0.509041
0.366486 -0.778823 0.509041
0.414666 -0.754274 0.509041
0.461209 -0.726749 0.509041
0.505931 -0.696355 0.509041
0.548658 -0.663213 0.509041
0.589218 -0.627454 0.509041
0.627454 -0.589218 0.509041
0.663213 -0.548658 0.509041
0.696355 -0.505931 0.509041
0.726749 -0.461209 0.509041
0.754274 -0.414666 0.509041
0.778823 -0.366486 0.509041
0.800298 -0.31686 0.509041
0.818614 -0.265984 0.509041
0.8337 -0.214058 0.509041
0.845496 -0.161287 0.509041
0.853955 -0.10788 0.509041
0.859044 -0.0540464 0.509041
0.860742 -2.10821e-16 0.509041

0.876307 0 0.481754
0.874577 0.0550238 0.481754
0.869397 0.10983 0.481754
0.860785 0.164203 0.481754
0.848776 0.217929 0.481754
0.833417 0.270794 0.481754
0.814769 0.32259 0.481754
0.792906 0.373113 0.481754
0.767913 0.422164 0.481754
0.73989 0.469549 0.481754
0.708947 0.51508 0.481754
0.675206 0.558579 0.481754
0.6388 0.599873 0.481754
0.599873 0.6388 0.481754
0.558579 0.675206 0.481754
0.51508 0.708947 0.481754
0.469549 0.73989 0.481754
0.422164 0.767913 0.481754
0.373113 0.792906 0.481754
0.32259 0.814769 0.481754
0.270794 0.833417 0.481754
0.217929 0.848776 0.481754
0.164203 0.860785 0.481754
0.10983 0.869397 0.481754
0.0550238 0.874577 0.481754
5.36583e-17 0.876307 0.481754
-0.0550238 0.874577 0.481754
-0.10983 0.869397 0.481754
-0.164203 0.860785 0.481754
-0.217929 0.848776 0.481754
-0.270794 0.833417 0.481754
-0.32259 0.814769 0.481754
-0.373113 0.792906 0.481754
-0.422164 0.767913 0.481754
-0.469549 0.73989 0.481754
-0.51508 0.708947 0.481754
-0.558579 0.675206 0.481754
-0.599873 0.6388 0.481754
-0.6388 0.599873 0.481754
-0.675206 0.558579 0.481754
-0.708947 0.51508 0.481754
-0.73989 0.469549 0.481754
-0.767913 0.422164 0.481754
-0.792906 0.373113 0.481754
-0.814769 0.32259 0.481754
-0.833417 0.270794 0.481754
-0.848776 0.217929 0.481754
-0.860785 0.164203 0.481754
-0.869397 0.10983 0.481754
-0.874577 0.0550238 0.481754
-0.876307 1.07317e-16 0.481754
-0.874577 -0.0550238 0.481754
-0.869397 -0.10983 0.481754
-0.860785 -0.164203 0.481754
-0.848776 -0.217929 0.481754
-0.833417 -0.270794 0.481754
-0.814769 -0.32259 0.481754
-0.792906 -0.373113 0.481754
-0.767913 -0.422164 0.481754
-0.73989 -0.469549 0.481754
-0.708947 -0.51508 0.481754
-0.675206 -0.558579 0.481754
-0.6388 -0.599873 0.481754
-0.599873 -0.6388 0.481754
-0.558579 -0.675206 0.481754
-0.51508 -0.708947 0.481754
-0.469549 -0.73989 0.481754
-0.422164 -0.767913 0.481754
-0.373113 -0.792906 0.481754
-0.32259 -0.814769 0.481754
-0.270794 -0.833417 0.481754
-0.217929 -0.848776 0.481754
-0.164203 -0.860785 0.481754
-0.10983 -0.869397 0.481754
-0.0550238 -0.874577 0.481754
-1.60975e-16 -0.876307 0.481754
0.0550238 -0.874577 0.481754
0.10983 -0.869397 0.481754
0.164203 -0.860785 0.481754
0.217929 -0.848776 0.481754
0.270794 -0.833417 0.481754
0.32259 -0.814769 0.481754
0.373113 -0.792906 0.481754
0.422164 -0.767913 0.481754
0.469549 -0.73989 0.481754
0.51508 -0.708947 0.481754
0.558579 -0.675206 0.481754
0.599873 -0.6388 0.481754
0.6388 -0.599873 0.481754
0.675206 -0.558579 0.481754
0.708947 -0.51508 0.481754
0.73989 -0.469549 0.481754
0.767913 -0.422164 0.481754
0.792906 -0.373113 0.481754
0.814769 -0.32259 0.481754
0.833417 -0.270794 0.481754
0.848776 -0.217929 0.481754
0.860785 -0.164203 0.481754
0.869397 -0.10983 0.481754
0.874577 -0.0550238 0.481754
0.876307 -2.14633e-16 0.481754

0.891007 0 0.45399
0.889248 0.0559468 0.45399
0.883981 0.111673 0.45399
0.875224 0.166958 0.45399
0.863014 0.221584 0.45399
0.847398 0.275336 0.45399
0.828437 0.328001 0.45399
0.806207 0.379372 0.45399
0.780795 0.429246 0.45399
0.752302 0.477425 0.45399
0.720839 0.52372 0.45399
0.686532 0.567949 0.45399
0.649516 0.609936 0.45399
0.609936 0.649516 0.45399
0.567949 0.686532 0.45399
0.52372 0.720839 0.45399
0.477425 0.752302 0.45399
0.429246 0.780795 0.45399
0.379372 0.806207 0.45399
0.328001 0.828437 0.45399
0.275336 0.847398 0.45399
0.221584 0.863014 0.45399
0.166958 0.875224 0.45399
0.111673 0.883981 0.45399
0.0559468 0.889248 0.45399
5.45584e-17 0.891007 0.45399
-0.0559468 0.889248 0.45399
-0.111673 0.883981 0.45399
-0.166958 0.875224 0.45399
-0.221584 0.863014 0.45399
-0.275336 0.847398 0.45399
-0.328001 0.828437 0.45399
-0.379372 0.806207 0.45399
-0.429246 0.780795 0.45399
-0.477425 0.752302 0.45399
-0.52372 0.720839 0.45399
-0.567949 0.686532 0.45399
-0.609936 0.649516 0.45399
-0.649516 0.609936 0.45399
-0.686532 0.567949 0.45399
-0.720839 0.52372 0.45399
-0.752302 0.477425 0.45399
-0.780795 0.429246 0.45399
-0.806207 0.379372 0.45399
-0.828437 0.328001 0.45399
-0.847398 0.275336 0.45399
-0.863014 0.221584 0.45399
-0.875224 0.166958 0.45399
-0.883981 0.111673 0.45399
-0.889248 0.0559468 0.45399
-0.891007 1.09117e-16 0.45399
-0.889248 -0.0559468 0.45399
-0.883981 -0.111673 0.45399
-0.875224 -0.166958 0.45399
-0.863014 -0.221584 0.45399
-0.847398 -0.275336 0.45399
-0.828437 -0.328001 0.45399
-0.806207 -0.379372 0.45399
-0.780795 -0.429246 0.45399
-0.752302 -0.477425 0.45399
-0.720839 -0.52372 0.45399
-0.686532 -0.567949 0.45399
-0.649516 -0.609936 0.45399
-0.609936 -0.649516 0.45399
-0.567949 -0.686532 0.45399
-0.52372 -0.720839 0.45399
-0.477425 -0.752302 0.45399
-0.429246 -0.780795 0.45399
-0.379372 -0.806207 0.45399
-0.328001 -0.828437 0.45399
-0.275336 -0.847398 0.45399
-0.221584 -0.863014 0.45399
-0.166958 -0.875224 0.45399
-0.111673 -0.883981 0.45399
-0.0559468 -0.889248 0.45399
-1.63675e-16 -0.891007 0.45399
0.0559468 -0.889248 0.45399
0.111673 -0.883981 0.45399
0.166958 -0.875224 0.45399
0.221584 -0.863014 0.45399
0.275336 -0.847398 0.45399
0.328001 -0.828437 0.45399
0.379372 -0.806207 0.45399
0.429246 -0.780795 0.45399
0.477425 -0.752302 0.45399
0.52372 -0.720839 0.45399
0.567949 -0.686532 0.45399
0.609936 -0.649516 0.45399
0.649516 -0.609936 0.45399
0.686532 -0.567949 0.45399
0.720839 -0.52372 0.45399
0.752302 -0.477425 0.45399
0.780795 -0.429246 0.45399
0.806207 -0.379372 0.45399
0.828437 -0.328001 0.45399
0.847398 -0.275336 0.45399
0.863014 -0.221584 0.45399
0.875224 -0.166958 0.45399
0.883981 -0.111673 0.45399
0.889248 -0.0559468 0.45399
0.891007 -2.18234e-16 0.45399

0.904827 0 0.425779
0.903042 0.0568146 0.425779
0.897692 0.113405 0.425779
0.8888 0.169548 0.425779
0.8764 0.225021 0.425779
0.860542 0.279607 0.425779
0.841287 0.333089 0.425779
0.818712 0.385257 0.425779
0.792906 0.435904 0.425779
0.763971 0.484831 0.425779
0.73202 0.531844 0.425779
0.697181 0.576758 0.425779
0.659591 0.619397 0.425779
0.619397 0.659591 0.425779
0.576758 0.697181 0.425779
0.531844 0.73202 0.425779
0.484831 0.763971 0.425779
0.435904 0.792906 0.425779
0.385257 0.818712 0.425779
0.333089 0.841287 0.425779
0.279607 0.860542 0.425779
0.225021 0.8764 0.425779
0.169548 0.8888 0.425779
0.113405 0.897692 0.425779
0.0568146 0.903042 0.425779
5.54047e-17 0.904827 0.425779
-0.0568146 0.903042 0.425779
-0.113405 0.897692 0.425779
-0.169548 0.8888 0.425779
-0.225021 0.8764 0.425779
-0.279607 0.860542 0.425779
-0.333089 0.841287 0.425779
-0.385257 0.818712 0.425779
-0.435904 0.792906 0.425779
-0.484831 0.763971 0.425779
-0.531844 0.73202 0.425779
-0.576758 0.697181 0.425779
-0.619397 0.659591 0.425779
-0.659591 0.619397 0.425779
-0.697181 0.576758 0.425779
-0.73202 0.531844 0.425779
-0.763971 0.484831 0.425779
-0.792906 0.435904 0.425779
-0.818712 0.385257 0.425779
-0.841287 0.333089 0.425779
-0.860542 0.279607 0.425779
-0.8764 0.225021 0.425779
-0.8888 0.169548 0.425779
-0.897692 0.113405 0.425779
-0.903042 0.0568146 0.425779
-0.904827 1.10809e-16 0.425779
-0.903042 -0.0568146 0.425779
-0.897692 -0.113405 0.425779
-0.8888 -0.169548 0.425779
-0.8764 -0.225021 0.425779
-0.860542 -0.279607 0.425779
-0.841287 -0.333089 0.425779
-0.818712 -0.385257 0.425779
-0.792906 -0.435904 0.425779
-0.763971 -0.484831 0.425779
-0.73202 -0.531844 0.425779
-0.697181 -0.576758 0.425779
-0.659591 -0.619397 0.425779
-0.619397 -0.659591 0.425779
-0.576758 -0.697181 0.425779
-0.531844 -0.73202 0.425779
-0.484831 -0.763971 0.425779
-0.435904 -0.792906 0.425779
-0.385257 -0.818712 0.425779
-0.333089 -0.841287 0.425779
-0.279607 -0.860542 0.425779
-0.225021 -0.8764 0.425779
-0.169548 -0.8888 0.425779
-0.113405 -0.897692 0.425779
-0.0568146 -0.903042 0.425779
-1.66214e-16 -0.904827 0.425779
0.0568146 -0.903042 0.425779
0.113405 -0.897692 0.425779
0.169548 -0.8888 0.425779
0.225021 -0.8764 0.425779
0.279607 -0.860542 0.425779
0.333089 -0.841287 0.425779
0.385257 -0.818712 0.425779
0.435904 -0.792906 0.425779
0.484831 -0.763971 0.425779
0.531844 -0.73202 0.425779
0.576758 -0.697181 0.425779
0.619397 -0.659591 0.425779
0.659591 -0.619397 0.425779
0.697181 -0.576758 0.425779
0.73202 -0.531844 0.425779
0.763971 -0.484831 0.425779
0.792906 -0.435904 0.425779
0.818712 -0.385257 0.425779
0.841287 -0.333089 0.425779
0.860542 -0.279607 0.425779
0.8764 -0.225021 0.425779
0.8888 -0.169548 0.425779
0.897692 -0.113405 0.425779
0.903042 -0.0568146 0.425779
0.904827 -2.21619e-16 0.425779

0.917755 0 0.397148
0.915944 0.0576263 0.397148
0.910518 0.115025 0.397148
0.901499 0.17197 0.397148
0.888922 0.228236 0.397148
0.872837 0.283602 0.397148
0.853307 0.337848 0.397148
0.830409 0.390761 0.397148
0.804235 0.442132 0.397148
0.774886 0.491758 0.397148
0.742479 0.539443 0.397148
0.707142 0.584999 0.397148
0.669014 0.628246 0.397148
0.628246 0.669014 0.397148
0.584999 0.707142 0.397148
0.539443 0.742479 0.397148
0.491758 0.774886 0.397148
0.442132 0.804235 0.397148
0.390761 0.830409 0.397148
0.337848 0.853307 0.397148
0.283602 0.872837 0.397148
0.228236 0.888922 0.397148
0.17197 0.901499 0.397148
0.115025 0.910518 0.397148
0.0576263 0.915944 0.397148
5.61963e-17 0.917755 0.397148
-0.0576263 0.915944 0.397148
-0.115025 0.910518 0.397148
-0.17197 0.901499 0.397148
-0.228236 0.888922 0.397148
-0.283602 0.872837 0.397148
-0.337848 0.853307 0.397148
-0.390761 0.830409 0.397148
-0.442132 0.804235 0.397148
-0.491758 0.774886 0.397148
-0.539443 0.742479 0.397148
-0.584999 0.707142 0.397148
-0.628246 0.669014 0.397148
-0.669014 0.628246 0.397148
-0.707142 0.584999 0.397148
-0.742479 0.539443 0.397148
-0.774886 0.491758 0.397148
-0.804235 0.442132 0.397148
-0.830409 0.390761 0.397148
-0.853307 0.337848 0.397148
-0.872837 0.283602 0.397148
-0.888922 0.228236 0.397148
-0.901499 0.17197 0.397148
-0.910518 0.115025 0.397148
-0.915944 0.0576263 0.397148
-0.917755 1.12393e-16 0.397148
-0.915944 -0.0576263 0.397148
-0.910518 -0.115025 0.397148
-0.901499 -0.17197 0.397148
-0.888922 -0.228236 0.397148
-0.872837 -0.283602 0.397148
-0.853307 -0.337848 0.397148
-0.830409 -0.390761 0.397148
-0.804235 -0.442132 0.397148
-0.774886 -0.491758 0.397148
-0.742479 -0.539443 0.397148
-0.707142 -0.584999 0.397148
-0.669014 -0.628246 0.397148
-0.628246 -0.669014 0.397148
-0.584999 -0.707142 0.397148
-0.539443 -0.742479 0.397148
-0.491758 -0.774886 0.397148
-0.442132 -0.804235 0.397148
-0.390761 -0.830409 0.397148
-0.337848 -0.853307 0.397148
-0.283602 -0.872837 0.397148
-0.228236 -0.888922 0.397148
-0.17197 -0.901499 0.397148
-0.115025 -0.910518 0.397148
-0.0576263 -0.915944 0.397148
-1.68589e-16 -0.917755 0.397148
0.0576263 -0.915944 0.397148
0.115025 -0.910518 0.397148
0.17197 -0.901499 0.397148
0.228236 -0.888922 0.397148
0.283602 -0.872837 0.397148
0.337848 -0.853307 0.397148
0.390761 -0.830409 0.397148
0.442132 -0.804235 0.397148
0.491758 -0.774886 0.397148
0.539443 -0.742479 0.397148
0.584999 -0.707142 0.397148
0.628246 -0.669014 0.397148
0.669014 -0.628246 0.397148
0.707142 -0.584999 0.397148
0.742479 -0.539443 0.397148
0.774886 -0.491758 0.397148
0.804235 -0.442132 0.397148
0.830409 -0.390761 0.397148
0.853307 -0.337848 0.397148
0.872837 -0.283602 0.397148
0.888922 -0.228236 0.397148
0.901499 -0.17197 0.397148
0.910518 -0.115025 0.397148
0.915944 -0.0576263 0.397148
0.917755 -2.24785e-16 0.397148

0.929776 0 0.368125
0.927942 0.0583811 0.368125
0.922445 0.116532 0.368125
0.913308 0.174223 0.368125
0.900566 0.231226 0.368125
0.88427 0.287317 0.368125
0.864484 0.342274 0.368125
0.841287 0.39588 0.368125
0.814769 0.447923 0.368125
0.785036 0.498199 0.368125
0.752205 0.546509 0.368125
0.716405 0.592662 0.368125
0.677778 0.636476 0.368125
0.636476 0.677778 0.368125
0.592662 0.716405 0.368125
0.546509 0.752205 0.368125
0.498199 0.785036 0.368125
0.447923 0.814769 0.368125
0.39588 0.841287 0.368125
0.342274 0.864484 0.368125
0.287317 0.88427 0.368125
0.231226 0.900566 0.368125
0.174223 0.913308 0.368125
0.116532 0.922445 0.368125
0.0583811 0.927942 0.368125
5.69324e-17 0.929776 0.368125
-0.0583811 0.927942 0.368125
-0.116532 0.922445 0.368125
-0.174223 0.913308 0.368125
-0.231226 0.900566 0.368125
-0.287317 0.88427 0.368125
-0.342274 0.864484 0.368125
-0.39588 0.841287 0.368125
-0.447923 0.814769 0.368125
-0.498199 0.785036 0.368125
-0.546509 0.752205 0.368125
-0.592662 0.716405 0.368125
-0.636476 0.677778 0.368125
-0.677778 0.636476 0.368125
-0.716405 0.592662 0.368125
-0.752205 0.546509 0.368125
-0.785036 0.498199 0.368125
-0.814769 0.447923 0.368125
-0.841287 0.39588 0.368125
-0.864484 0.342274 0.368125
-0.88427 0.287317 0.368125
-0.900566 0.231226 0.368125
-0.913308 0.174223 0.368125
-0.922445 0.116532 0.368125
-0.927942 0.0583811 0.368125
-0.929776 1.13865e-16 0.368125
-0.927942 -0.0583811 0.368125
-0.922445 -0.116532 0.368125
-0.913308 -0.174223 0.368125
-0.900566 -0.231226 0.368125
-0.88427 -0.287317 0.368125
-0.864484 -0.342274 0.368125
-0.841287 -0.39588 0.368125
-0.814769 -0.447923 0.368125
-0.785036 -0.498199 0.368125
-0.752205 -0.546509 0.368125
-0.716405 -0.592662 0.368125
-0.677778 -0.636476 0.368125
-0.636476 -0.677778 0.368125
-0.592662 -0.716405 0.368125
-0.546509 -0.752205 0.368125
-0.498199 -0.785036 0.368125
-0.447923 -0.814769 0.368125
-0.39588 -0.841287 0.368125
-0.342274 -0.864484 0.368125
-0.287317 -0.88427 0.368125
-0.231226 -0.900566 0.368125
-0.174223 -0.913308 0.368125
-0.116532 -0.922445 0.368125
-0.0583811 -0.927942 0.368125
-1.70797e-16 -0.929776 0.368125
0.0583811 -0.927942 0.368125
0.116532 -0.922445 0.368125
0.174223 -0.913308 0.368125
0.231226 -0.900566 0.368125
0.287317 -0.88427 0.368125
0.342274 -0.864484 0.368125
0.39588 -0.841287 0.368125
0.447923 -0.814769 0.368125
0.498199 -0.785036 0.368125
0.546509 -0.752205 0.368125
0.592662 -0.716405 0.368125
0.636476 -0.677778 0.368125
0.677778 -0.636476 0.368125
0.716405 -0.592662 0.368125
0.752205 -0.546509 0.368125
0.785036 -0.498199 0.368125
0.814769 -0.447923 0.368125
0.841287 -0.39588 0.368125
0.864484 -0.342274 0.368125
0.88427 -0.287317 0.368125
0.900566 -0.231226 0.368125
0.913308 -0.174223 0.368125
0.922445 -0.116532 0.368125
0.927942 -0.0583811 0.368125
0.929776 -2.2773e-16 0.368125

0.940881 0 0.338738
0.939024 0.0590784 0.338738
0.933462 0.117924 0.338738
0.924215 0.176303 0.338738
0.911321 0.233988 0.338738
0.894831 0.290748 0.338738
0.874809 0.346361 0.338738
0.851334 0.400608 0.338738
0.8245 0.453273 0.338738
0.794412 0.504149 0.338738
0.761189 0.553036 0.338738
0.724961 0.59974 0.338738
0.685873 0.644077 0.338738
0.644077 0.685873 0.338738
0.59974 0.724961 0.338738
0.553036 0.761189 0.338738
0.504149 0.794412 0.338738
0.453273 0.8245 0.338738
0.400608 0.851334 0.338738
0.346361 0.874809 0.338738
0.290748 0.894831 0.338738
0.233988 0.911321 0.338738
0.176303 0.924215 0.338738
0.117924 0.933462 0.338738
0.0590784 0.939024 0.338738
5.76123e-17 0.940881 0.338738
-0.0590784 0.939024 0.338738
-0.117924 0.933462 0.338738
-0.176303 0.924215 0.338738
-0.233988 0.911321 0.338738
-0.290748 0.894831 0.338738
-0.346361 0.874809 0.338738
-0.400608 0.851334 0.338738
-0.453273 0.8245 0.338738
-0.504149 0.794412 0.338738
-0.553036 0.761189 0.338738
-0.59974 0.724961 0.338738
-0.644077 0.685873 0.338738
-0.685873 0.644077 0.338738
-0.724961 0.59974 0.338738
-0.761189 0.553036 0.338738
-0.794412 0.504149 0.338738
-0.8245 0.453273 0.338738
-0.851334 0.400608 0.338738
-0.874809 0.346361 0.338738
-0.894831 0.290748 0.338738
-0.911321 0.233988 0.338738
-0.924215 0.176303 0.338738
-0.933462 0.117924 0.338738
-0.939024 0.0590784 0.338738
-0.940881 1.15225e-16 0.338738
-0.939024 -0.0590784 0.338738
-0.933462 -0.117924 0.338738
-0.924215 -0.176303 0.338738
-0.911321 -0.233988 0.338738
-0.894831 -0.290748 0.338738
-0.874809 -0.346361 0.338738
-0.851334 -0.400608 0.338738
-0.8245 -0.453273 0.338738
-0.794412 -0.504149 0.338738
-0.761189 -0.553036 0.338738
-0.724961 -0.59974 0.338738
-0.685873 -0.644077 0.338738
-0.644077 -0.685873 0.338738
-0.59974 -0.724961 0.338738
-0.553036 -0.761189 0.338738
-0.504149 -0.794412 0.338738
-0.453273 -0.8245 0.338738
-0.400608 -0.851334 0.338738
-0.346361 -0.874809 0.338738
-0.290748 -0.894831 0.338738
-0.233988 -0.911321 0.338738
-0.176303 -0.924215 0.338738
-0.117924 -0.933462 0.338738
-0.0590784 -0.939024 0.338738
-1.72837e-16 -0.940881 0.338738
0.0590784 -0.939024 0.338738
0.117924 -0.933462 0.338738
0.176303 -0.924215 0.338738
0.233988 -0.911321 0.338738
0.290748 -0.894831 0.338738
0.346361 -0.874809 0.338738
0.400608 -0.851334 0.338738
0.453273 -0.8245 0.338738
0.504149 -0.794412 0.338738
0.553036 -0.761189 0.338738
0.59974 -0.724961 0.338738
0.644077 -0.685873 0.338738
0.685873 -0.644077 0.338738
0.724961 -0.59974 0.338738
0.761189 -0.553036 0.338738
0.794412 -0.504149 0.338738
0.8245 -0.453273 0.338738
0.851334 -0.400608 0.338738
0.874809 -0.346361 0.338738
0.894831 -0.290748 0.338738
0.911321 -0.233988 0.338738
0.924215 -0.176303 0.338738
0.933462 -0.117924 0.338738
0.939024 -0.0590784 0.338738
0.940881 -2.30449e-16 0.338738

0.951057 0 0.309017
0.94918 0.0597173 0.309017
0.943557 0.119199 0.309017
0.934211 0.17821 0.309017
0.921177 0.236518 0.309017
0.904508 0.293893 0.309017
0.88427 0.350107 0.309017
0.860542 0.40494 0.309017
0.833417 0.458175 0.309017
0.803004 0.509602 0.309017
0.769421 0.559017 0.309017
0.732802 0.606226 0.309017
0.69329 0.651043 0.309017
0.651043 0.69329 0.309017
0.606226 0.732802 0.309017
0.559017 0.769421 0.309017
0.509602 0.803004 0.309017
0.458175 0.833417 0.309017
0.40494 0.860542 0.309017
0.350107 0.88427 0.309017
0.293893 0.904508 0.309017
0.236518 0.921177 0.309017
0.17821 0.934211 0.309017
0.119199 0.943557 0.309017
0.0597173 0.94918 0.309017
5.82354e-17 0.951057 0.309017
-0.0597173 0.94918 0.309017
-0.119199 0.943557 0.309017
-0.17821 0.934211 0.309017
-0.236518 0.921177 0.309017
-0.293893 0.904508 0.309017
-0.350107 0.88427 0.309017
-0.40494 0.860542 0.309017
-0.458175 0.833417 0.309017
-0.509602 0.803004 0.309017
-0.559017 0.769421 0.309017
-0.606226 0.732802 0.309017
-0.651043 0.69329 0.309017
-0.69329 0.651043 0.309017
-0.732802 0.606226 0.309017
-0.769421 0.559017 0.309017
-0.803004 0.509602 0.309017
-0.833417 0.458175 0.309017
-0.860542 0.40494 0.309017
-0.88427 0.350107 0.309017
-0.904508 0.293893 0.309017
-0.921177 0.236518 0.309017
-0.934211 0.17821 0.309017
-0.943557 0.119199 0.309017
-0.94918 0.0597173 0.309017
-0.951057 1.16471e-16 0.309017
-0.94918 -0.0597173 0.309017
-0.943557 -0.119199 0.309017
-0.934211 -0.17821 0.309017
-0.921177 -0.236518 0.309017
-0.904508 -0.293893 0.309017
-0.88427 -0.350107 0.309017
-0.860542 -0.40494 0.309017
-0.833417 -0.458175 0.309017
-0.803004 -0.509602 0.309017
-0.769421 -0.559017 0.309017
-0.732802 -0.606226 0.309017
-0.69329 -0.651043 0.309017
-0.651043 -0.69329 0.309017
-0.606226 -0.732802 0.309017
-0.559017 -0.769421 0.309017
-0.509602 -0.803004 0.309017
-0.458175 -0.833417 0.309017
-0.40494 -0.860542 0.309017
-0.350107 -0.88427 0.309017
-0.293893 -0.904508 0.309017
-0.236518 -0.921177 0.309017
-0.17821 -0.934211 0.309017
-0.119199 -0.943557 0.309017
-0.0597173 -0.94918 0.309017
-1.74706e-16 -0.951057 0.309017
0.0597173 -0.94918 0.309017
0.119199 -0.943557 0.309017
0.17821 -0.934211 0.309017
0.236518 -0.921177 0.309017
0.293893 -0.904508 0.309017
0.350107 -0.88427 0.309017
0.40494 -0.860542 0.309017
0.458175 -0.833417 0.309017
0.509602 -0.803004 0.309017
0.559017 -0.769421 0.309017
0.606226 -0.732802 0.309017
0.651043 -0.69329 0.309017
0.69329 -0.651043 0.309017
0.732802 -0.606226 0.309017
0.769421 -0.559017 0.309017
0.803004 -0.509602 0.309017
0.833417 -0.458175 0.309017
0.860542 -0.40494 0.309017
0.88427 -0.350107 0.309017
0.904508 -0.293893 0.309017
0.921177 -0.236518 0.309017
0.934211 -0.17821 0.309017
0.943557 -0.119199 0.309017
0.94918 -0.0597173 0.309017
0.951057 -2.32942e-16 0.309017

0.960294 0 0.278991
0.958399 0.0602973 0.278991
0.952721 0.120357 0.278991
0.943284 0.179941 0.278991
0.930124 0.238815 0.278991
0.913294 0.296747 0.278991
0.892858 0.353508 0.278991
0.8689 0.408873 0.278991
0.841512 0.462625 0.278991
0.810803 0.514551 0.278991
0.776894 0.564446 0.278991
0.739919 0.612114 0.278991
0.700024 0.657366 0.278991
0.657366 0.700024 0.278991
0.612114 0.739919 0.278991
0.564446 0.776894 0.278991
0.514551 0.810803 0.278991
0.462625 0.841512 0.278991
0.408873 0.8689 0.278991
0.353508 0.892858 0.278991
0.296747 0.913294 0.278991
0.238815 0.930124 0.278991
0.179941 0.943284 0.278991
0.120357 0.952721 0.278991
0.0602973 0.958399 0.278991
5.8801e-17 0.960294 0.278991
-0.0602973 0.958399 0.278991
-0.120357 0.952721 0.278991
-0.179941 0.943284 0.278991
-0.238815 0.930124 0.278991
-0.296747 0.913294 0.278991
-0.353508 0.892858 0.278991
-0.408873 0.8689 0.278991
-0.462625 0.841512 0.278991
-0.514551 0.810803 0.278991
-0.564446 0.776894 0.278991
-0.612114 0.739919 0.278991
-0.657366 0.700024 0.278991
-0.700024 0.657366 0.278991
-0.739919 0.612114 0.278991
-0.776894 0.564446 0.278991
-0.810803 0.514551 0.278991
-0.841512 0.462625 0.278991
-0.8689 0.408873 0.278991
-0.892858 0.353508 0.278991
-0.913294 0.296747 0.278991
-0.930124 0.238815 0.278991
-0.943284 0.179941 0.278991
-0.952721 0.120357 0.278991
-0.958399 0.0602973 0.278991
-0.960294 1.17602e-16 0.278991
-0.958399 -0.0602973 0.278991
-0.952721 -0.120357 0.278991
-0.943284 -0.179941 0.278991
-0.930124 -0.238815 0.278991
-0.913294 -0.296747 0.278991
-0.892858 -0.353508 0.278991
-0.8689 -0.408873 0.278991
-0.841512 -0.462625 0.278991
-0.810803 -0.514551 0.278991
-0.776894 -0.564446 0.278991
-0.739919 -0.612114 0.278991
-0.700024 -0.657366 0.278991
-0.657366 -0.700024 0.278991
-0.612114 -0.739919 0.278991
-0.564446 -0.776894 0.278991
-0.514551 -0.810803 0.278991
-0.462625 -0.841512 0.278991
-0.408873 -0.8689 0.278991
-0.353508 -0.892858 0.278991
-0.296747 -0.913294 0.278991
-0.238815 -0.930124 0.278991
-0.179941 -0.943284 0.278991
-0.120357 -0.952721 0.278991
-0.0602973 -0.958399 0.278991
-1.76403e-16 -0.960294 0.278991
0.0602973 -0.958399 0.278991
0.120357 -0.952721 0.278991
0.179941 -0.943284 0.278991
0.238815 -0.930124 0.278991
0.296747 -0.913294 0.278991
0.353508 -0.892858 0.278991
0.408873 -0.8689 0.278991
0.462625 -0.841512 0.278991
0.514551 -0.810803 0.278991
0.564446 -0.776894 0.278991
0.612114 -0.739919 0.278991
0.657366 -0.700024 0.278991
0.700024 -0.657366 0.278991
0.739919 -0.612114 0.278991
0.776894 -0.564446 0.278991
0.810803 -0.514551 0.278991
0.841512 -0.462625 0.278991
0.8689 -0.408873 0.278991
0.892858 -0.353508 0.278991
0.913294 -0.296747 0.278991
0.930124 -0.238815 0.278991
0.943284 -0.179941 0.278991
0.952721 -0.120357 0.278991
0.958399 -0.0602973 0.278991
0.960294 -2.35204e-16 0.278991

0.968583 0 0.24869
0.966672 0.0608178 0.24869
0.960946 0.121396 0.24869
0.951427 0.181494 0.24869
0.938153 0.240877 0.24869
0.921177 0.299309 0.24869
0.900566 0.356559 0.24869
0.8764 0.412403 0.24869
0.848776 0.466618 0.24869
0.817802 0.518993 0.24869
0.7836 0.569319 0.24869
0.746306 0.617398 0.24869
0.706067 0.663041 0.24869
0.663041 0.706067 0.24869
0.617398 0.746306 0.24869
0.569319 0.7836 0.24869
0.518993 0.817802 0.24869
0.466618 0.848776 0.24869
0.412403 0.8764 0.24869
0.356559 0.900566 0.24869
0.299309 0.921177 0.24869
0.240877 0.938153 0.24869
0.181494 0.951427 0.24869
0.121396 0.960946 0.24869
0.0608178 0.966672 0.24869
5.93086e-17 0.968583 0.24869
-0.0608178 0.966672 0.24869
-0.121396 0.960946 0.24869
-0.181494 0.951427 0.24869
-0.240877 0.938153 0.24869
-0.299309 0.921177 0.24869
-0.356559 0.900566 0.24869
-0.412403 0.8764 0.24869
-0.466618 0.848776 0.24869
-0.518993 0.817802 0.24869
-0.569319 0.7836 0.24869
-0.617398 0.746306 0.24869
-0.663041 0.706067 0.24869
-0.706067 0.663041 0.24869
-0.746306 0.617398 0.24869
-0.7836 0.569319 0.24869
-0.817802 0.518993 0.24869
-0.848776 0.466618 0.24869
-0.8764 0.412403 0.24869
-0.900566 0.356559 0.24869
-0.921177 0.299309 0.24869
-0.938153 0.240877 0.24869
-0.951427 0.181494 0.24869
-0.960946 0.121396 0.24869
-0.966672 0.0608178 0.24869
-0.968583 1.18617e-16 0.24869
-0.966672 -0.0608178 0.24869
-0.960946 -0.121396 0.24869
-0.951427 -0.181494 0.24869
-0.938153 -0.240877 0.24869
-0.921177 -0.299309 0.24869
-0.900566 -0.356559 0.24869
-0.8764 -0.412403 0.24869
-0.848776 -0.466618 0.24869
-0.817802 -0.518993 0.24869
-0.7836 -0.569319 0.24869
-0.746306 -0.617398 0.24869
-0.706067 -0.663041 0.24869
-0.663041 -0.706067 0.24869
-0.617398 -0.746306 0.24869
-0.569319 -0.7836 0.24869
-0.518993 -0.817802 0.24869
-0.466618 -0.848776 0.24869
-0.412403 -0.8764 0.24869
-0.356559 -0.900566 0.24869
-0.299309 -0.921177 0.24869
-0.240877 -0.938153 0.24869
-0.181494 -0.951427 0.24869
-0.121396 -0.960946 0.24869
-0.0608178 -0.966672 0.24869
-1.77926e-16 -0.968583 0.24869
0.0608178 -0.966672 0.24869
0.121396 -0.960946 0.24869
0.181494 -0.951427 0.24869
0.240877 -0.938153 0.24869
0.299309 -0.921177 0.24869
0.356559 -0.900566 0.24869
0.412403 -0.8764 0.24869
0.466618 -0.848776 0.24869
0.518993 -0.817802 0.24869
0.569319 -0.7836 0.24869
0.617398 -0.746306 0.24869
0.663041 -0.706067 0.24869
0.706067 -0.663041 0.24869
0.746306 -0.617398 0.24869
0.7836 -0.569319 0.24869
0.817802 -0.518993 0.24869
0.848776 -0.466618 0.24869
0.8764 -0.412403 0.24869
0.900566 -0.356559 0.24869
0.921177 -0.299309 0.24869
0.938153 -0.240877 0.24869
0.951427 -0.181494 0.24869
0.960946 -0.121396 0.24869
0.966672 -0.0608178 0.24869
0.968583 -2.37234e-16 0.24869

0.975917 0 0.218143
0.973991 0.0612783 0.218143
0.968221 0.122315 0.218143
0.958631 0.182869 0.218143
0.945257 0.242701 0.218143
0.928152 0.301575 0.218143
0.907384 0.359259 0.218143
0.883036 0.415525 0.218143
0.855202 0.470151 0.218143
0.823994 0.522922 0.218143
0.789533 0.573629 0.218143
0.751957 0.622073 0.218143
0.711413 0.668061 0.218143
0.668061 0.711413 0.218143
0.622073 0.751957 0.218143
0.573629 0.789533 0.218143
0.522922 0.823994 0.218143
0.470151 0.855202 0.218143
0.415525 0.883036 0.218143
0.359259 0.907384 0.218143
0.301575 0.928152 0.218143
0.242701 0.945257 0.218143
0.182869 0.958631 0.218143
0.122315 0.968221 0.218143
0.0612783 0.973991 0.218143
5.97577e-17 0.975917 0.218143
-0.0612783 0.973991 0.218143
-0.122315 0.968221 0.218143
-0.182869 0.958631 0.218143
-0.242701 0.945257 0.218143
-0.301575 0.928152 0.218143
-0.359259 0.907384 0.218143
-0.415525 0.883036 0.218143
-0.470151 0.855202 0.218143
-0.522922 0.823994 0.218143
-0.573629 0.789533 0.218143
-0.622073 0.751957 0.218143
-0.668061 0.711413 0.218143
-0.711413 0.668061 0.218143
-0.751957 0.622073 0.218143
-0.789533 0.573629 0.218143
-0.823994 0.522922 0.218143
-0.855202 0.470151 0.218143
-0.883036 0.415525 0.218143
-0.907384 0.359259 0.218143
-0.928152 0.301575 0.218143
-0.945257 0.242701 0.218143
-0.958631 0.182869 0.218143
-0.968221 0.122315 0.218143
-0.973991 0.0612783 0.218143
-0.975917 1.19515e-16 0.218143
-0.973991 -0.0612783 0.218143
-0.968221 -0.122315 0.218143
-0.958631 -0.182869 0.218143
-0.945257 -0.242701 0.218143
-0.928152 -0.301575 0.218143
-0.907384 -0.359259 0.218143
-0.883036 -0.415525 0.218143
-0.855202 -0.470151 0.218143
-0.823994 -0.522922 0.218143
-0.789533 -0.573629 0.218143
-0.751957 -0.622073 0.218143
-0.711413 -0.668061 0.218143
-0.668061 -0.711413 0.218143
-0.622073 -0.751957 0.218143
-0.573629 -0.789533 0.218143
-0.522922 -0.823994 0.218143
-0.470151 -0.855202 0.218143
-0.415525 -0.883036 0.218143
-0.359259 -0.907384 0.218143
-0.301575 -0.928152 0.218143
-0.242701 -0.945257 0.218143
-0.182869 -0.958631 0.218143
-0.122315 -0.968221 0.218143
-0.0612783 -0.973991 0.218143
-1.79273e-16 -0.975917 0.218143
0.0612783 -0.973991 0.218143
0.122315 -0.968221 0.218143
0.182869 -0.958631 0.218143
0.242701 -0.945257 0.218143
0.301575 -0.928152 0.218143
0.359259 -0.907384 0.218143
0.415525 -0.883036 0.218143
0.470151 -0.855202 0.218143
0.522922 -0.823994 0.218143
0.573629 -0.789533 0.218143
0.622073 -0.751957 0.218143
0.668061 -0.711413 0.218143
0.711413 -0.668061 0.218143
0.751957 -0.622073 0.218143
0.789533 -0.573629 0.218143
0.823994 -0.522922 0.218143
0.855202 -0.470151 0.218143
0.883036 -0.415525 0.218143
0.907384 -0.359259 0.218143
0.928152 -0.301575 0.218143
0.945257 -0.242701 0.218143
0.958631 -0.182869 0.218143
0.968221 -0.122315 0.218143
0.973991 -0.0612783 0.218143
0.975917 -2.39031e-16 0.218143

0.982287 0 0.187381
0.980349 0.0616783 0.187381
0.974542 0.123113 0.187381
0.964888 0.184062 0.187381
0.951427 0.244285 0.187381
0.934211 0.303543 0.187381
0.913308 0.361604 0.187381
0.8888 0.418238 0.187381
0.860785 0.47322 0.187381
0.829373 0.526336 0.187381
0.794687 0.577374 0.187381
0.756865 0.626133 0.187381
0.716057 0.672422 0.187381
0.672422 0.716057 0.187381
0.626133 0.756865 0.187381
0.577374 0.794687 0.187381
0.526336 0.829373 0.187381
0.47322 0.860785 0.187381
0.418238 0.8888 0.187381
0.361604 0.913308 0.187381
0.303543 0.934211 0.187381
0.244285 0.951427 0.187381
0.184062 0.964888 0.187381
0.123113 0.974542 0.187381
0.0616783 0.980349 0.187381
6.01477e-17 0.982287 0.187381
-0.0616783 0.980349 0.187381
-0.123113 0.974542 0.187381
-0.184062 0.964888 0.187381
-0.244285 0.951427 0.187381
-0.303543 0.934211 0.187381
-0.361604 0.913308 0.187381
-0.418238 0.8888 0.187381
-0.47322 0.860785 0.187381
-0.526336 0.829373 0.187381
-0.577374 0.794687 0.187381
-0.626133 0.756865 0.187381
-0.672422 0.716057 0.187381
-0.716057 0.672422 0.187381
-0.756865 0.626133 0.187381
-0.794687 0.577374 0.187381
-0.829373 0.526336 0.187381
-0.860785 0.47322 0.187381
-0.8888 0.418238 0.187381
-0.913308 0.361604 0.187381
-0.934211 0.303543 0.187381
-0.951427 0.244285 0.187381
-0.964888 0.184062 0.187381
-0.974542 0.123113 0.187381
-0.980349 0.0616783 0.187381
-0.982287 1.20295e-16 0.187381
-0.980349 -0.0616783 0.187381
-0.974542 -0.123113 0.187381
-0.964888 -0.184062 0.187381
-0.951427 -0.244285 0.187381
-0.934211 -0.303543 0.187381
-0.913308 -0.361604 0.187381
-0.8888 -0.418238 0.187381
-0.860785 -0.47322 0.187381
-0.829373 -0.526336 0.187381
-0.794687 -0.577374 0.187381
-0.756865 -0.626133 0.187381
-0.716057 -0.672422 0.187381
-0.672422 -0.716057 0.187381
-0.626133 -0.756865 0.187381
-0.577374 -0.794687 0.187381
-0.526336 -0.829373 0.187381
-0.47322 -0.860785 0.187381
-0.418238 -0.8888 0.187381
-0.361604 -0.913308 0.187381
-0.303543 -0.934211 0.187381
-0.244285 -0.951427 0.187381
-0.184062 -0.964888 0.187381
-0.123113 -0.974542 0.187381
-0.0616783 -0.980349 0.187381
-1.80443e-16 -0.982287 0.187381
0.0616783 -0.980349 0.187381
0.123113 -0.974542 0.187381
0.184062 -0.964888 0.187381
0.244285 -0.951427 0.187381
0.303543 -0.934211 0.187381
0.361604 -0.913308 0.187381
0.418238 -0.8888 0.187381
0.47322 -0.860785 0.187381
0.526336 -0.829373 0.187381
0.577374 -0.794687 0.187381
0.626133 -0.756865 0.187381
0.672422 -0.716057 0.187381
0.716057 -0.672422 0.187381
0.756865 -0.626133 0.187381
0.794687 -0.577374 0.187381
0.829373 -0.526336 0.187381
0.860785 -0.47322 0.187381
0.8888 -0.418238 0.187381
0.913308 -0.361604 0.187381
0.934211 -0.303543 0.187381
0.951427 -0.244285 0.187381
0.964888 -0.184062 0.187381
0.974542 -0.123113 0.187381
0.980349 -0.0616783 0.187381
0.982287 -2.40591e-16 0.187381

0.987688 0 0.156434
0.985739 0.0620175 0.156434
0.9799 0.12379 0.156434
0.970194 0.185074 0.156434
0.956658 0.245628 0.156434
0.939347 0.305212 0.156434
0.918329 0.363592 0.156434
0.893687 0.420537 0.156434
0.865518 0.475822 0.156434
0.833933 0.52923 0.156434
0.799057 0.580549 0.156434
0.761027 0.629576 0.156434
0.719994 0.676119 0.156434
0.676119 0.719994 0.156434
0.629576 0.761027 0.156434
0.580549 0.799057 0.156434
0.52923 0.833933 0.156434
0.475822 0.865518 0.156434
0.420537 0.893687 0.156434
0.363592 0.918329 0.156434
0.305212 0.939347 0.156434
0.245628 0.956658 0.156434
0.185074 0.970194 0.156434
0.12379 0.9799 0.156434
0.0620175 0.985739 0.156434
6.04785e-17 0.987688 0.156434
-0.0620175 0.985739 0.156434
-0.12379 0.9799 0.156434
-0.185074 0.970194 0.156434
-0.245628 0.956658 0.156434
-0.305212 0.939347 0.156434
-0.363592 0.918329 0.156434
-0.420537 0.893687 0.156434
-0.475822 0.865518 0.156434
-0.52923 0.833933 0.156434
-0.580549 0.799057 0.156434
-0.629576 0.761027 0.156434
-0.676119 0.719994 0.156434
-0.719994 0.676119 0.156434
-0.761027 0.629576 0.156434
-0.799057 0.580549 0.156434
-0.833933 0.52923 0.156434
-0.865518 0.475822 0.156434
-0.893687 0.420537 0.156434
-0.918329 0.363592 0.156434
-0.939347 0.305212 0.156434
-0.956658 0.245628 0.156434
-0.970194 0.185074 0.156434
-0.9799 0.12379 0.156434
-0.985739 0.0620175 0.156434
-0.987688 1.20957e-16 0.156434
-0.985739 -0.0620175 0.156434
-0.9799 -0.12379 0.156434
-0.970194 -0.185074 0.156434
-0.956658 -0.245628 0.156434
-0.939347 -0.305212 0.156434
-0.918329 -0.363592 0.156434
-0.893687 -0.420537 0.156434
-0.865518 -0.475822 0.156434
-0.833933 -0.52923 0.156434
-0.799057 -0.580549 0.156434
-0.761027 -0.629576 0.156434
-0.719994 -0.676119 0.156434
-0.676119 -0.719994 0.156434
-0.629576 -0.761027 0.156434
-0.580549 -0.799057 0.156434
-0.52923 -0.833933 0.156434
-0.475822 -0.865518 0.156434
-0.420537 -0.893687 0.156434
-0.363592 -0.918329 0.156434
-0.305212 -0.939347 0.156434
-0.245628 -0.956658 0.156434
-0.185074 -0.970194 0.156434
-0.12379 -0.9799 0.156434
-0.0620175 -0.985739 0.156434
-1.81435e-16 -0.987688 0.156434
0.0620175 -0.985739 0.156434
0.12379 -0.9799 0.156434
0.185074 -0.970194 0.156434
0.245628 -0.956658 0.156434
0.305212 -0.939347 0.156434
0.363592 -0.918329 0.156434
0.420537 -0.893687 0.156434
0.475822 -0.865518 0.156434
0.52923 -0.833933 0.156434
0.580549 -0.799057 0.156434
0.629576 -0.761027 0.156434
0.676119 -0.719994 0.156434
0.719994 -0.676119 0.156434
0.761027 -0.629576 0.156434
0.799057 -0.580549 0.156434
0.833933 -0.52923 0.156434
0.865518 -0.475822 0.156434
0.893687 -0.420537 0.156434
0.918329 -0.363592 0.156434
0.939347 -0.305212 0.156434
0.956658 -0.245628 0.156434
0.970194 -0.185074 0.156434
0.9799 -0.12379 0.156434
0.985739 -0.0620175 0.156434
0.987688 -2.41914e-16 0.156434

0.992115 0 0.125333
0.990157 0.0622954 0.125333
0.984292 0.124345 0.125333
0.974542 0.185904 0.125333
0.960946 0.246729 0.125333
0.943557 0.30658 0.125333
0.922445 0.365222 0.125333
0.897692 0.422422 0.125333
0.869397 0.477955 0.125333
0.83767 0.531602 0.125333
0.802638 0.58315 0.125333
0.764438 0.632398 0.125333
0.72322 0.679149 0.125333
0.679149 0.72322 0.125333
0.632398 0.764438 0.125333
0.58315 0.802638 0.125333
0.531602 0.83767 0.125333
0.477955 0.869397 0.125333
0.422422 0.897692 0.125333
0.365222 0.922445 0.125333
0.30658 0.943557 0.125333
0.246729 0.960946 0.125333
0.185904 0.974542 0.125333
0.124345 0.984292 0.125333
0.0622954 0.990157 0.125333
6.07495e-17 0.992115 0.125333
-0.0622954 0.990157 0.125333
-0.124345 0.984292 0.125333
-0.185904 0.974542 0.125333
-0.246729 0.960946 0.125333
-0.30658 0.943557 0.125333
-0.365222 0.922445 0.125333
-0.422422 0.897692 0.125333
-0.477955 0.869397 0.125333
-0.531602 0.83767 0.125333
-0.58315 0.802638 0.125333
-0.632398 0.764438 0.125333
-0.679149 0.72322 0.125333
-0.72322 0.679149 0.125333
-0.764438 0.632398 0.125333
-0.802638 0.58315 0.125333
-0.83767 0.531602 0.125333
-0.869397 0.477955 0.125333
-0.897692 0.422422 0.125333
-0.922445 0.365222 0.125333
-0.943557 0.30658 0.125333
-0.960946 0.246729 0.125333
-0.974542 0.185904 0.125333
-0.984292 0.124345 0.125333
-0.990157 0.0622954 0.125333
-0.992115 1.21499e-16 0.125333
-0.990157 -0.0622954 0.125333
-0.984292 -0.124345 0.125333
-0.974542 -0.185904 0.125333
-0.960946 -0.246729 0.125333
-0.943557 -0.30658 0.125333
-0.922445 -0.365222 0.125333
-0.897692 -0.422422 0.125333
-0.869397 -0.477955 0.125333
-0.83767 -0.531602 0.125333
-0.802638 -0.58315 0.125333
-0.764438 -0.632398 0.125333
-0.72322 -0.679149 0.125333
-0.679149 -0.72322 0.125333
-0.632398 -0.764438 0.125333
-0.58315 -0.802638 0.125333
-0.531602 -0.83767 0.125333
-0.477955 -0.869397 0.125333
-0.422422 -0.897692 0.125333
-0.365222 -0.922445 0.125333
-0.30658 -0.943557 0.125333
-0.246729 -0.960946 0.125333
-0.185904 -0.974542 0.125333
-0.124345 -0.984292 0.125333
-0.0622954 -0.990157 0.125333
-1.82249e-16 -0.992115 0.125333
0.0622954 -0.990157 0.125333
0.124345 -0.984292 0.125333
0.185904 -0.974542 0.125333
0.246729 -0.960946 0.125333
0.30658 -0.943557 0.125333
0.365222 -0.922445 0.125333
0.422422 -0.897692 0.125333
0.477955 -0.869397 0.125333
0.531602 -0.83767 0.125333
0.58315 -0.802638 0.125333
0.632398 -0.764438 0.125333
0.679149 -0.72322 0.125333
0.72322 -0.679149 0.125333
0.764438 -0.632398 0.125333
0.802638 -0.58315 0.125333
0.83767 -0.531602 0.125333
0.869397 -0.477955 0.125333
0.897692 -0.422422 0.125333
0.922445 -0.365222 0.125333
0.943557 -0.30658 0.125333
0.960946 -0.246729 0.125333
0.974542 -0.185904 0.125333
0.984292 -0.124345 0.125333
0.990157 -0.0622954 0.125333
0.992115 -2.42998e-16 0.125333

0.995562 0 0.0941083
0.993597 0.0625119 0.0941083
0.987712 0.124777 0.0941083
0.977928 0.18655 0.0941083
0.964285 0.247586 0.0941083
0.946836 0.307646 0.0941083
0.92565 0.366491 0.0941083
0.900811 0.42389 0.0941083
0.872418 0.479616 0.0941083
0.840581 0.533449 0.0941083
0.805427 0.585177 0.0941083
0.767094 0.634595 0.0941083
0.725733 0.681509 0.0941083
0.681509 0.725733 0.0941083
0.634595 0.767094 0.0941083
0.585177 0.805427 0.0941083
0.533449 0.840581 0.0941083
0.479616 0.872418 0.0941083
0.42389 0.900811 0.0941083
0.366491 0.92565 0.0941083
0.307646 0.946836 0.0941083
0.247586 0.964285 0.0941083
0.18655 0.977928 0.0941083
0.124777 0.987712 0.0941083
0.0625119 0.993597 0.0941083
6.09606e-17 0.995562 0.0941083
-0.0625119 0.993597 0.0941083
-0.124777 0.987712 0.0941083
-0.18655 0.977928 0.0941083
-0.247586 0.964285 0.0941083
-0.307646 0.946836 0.0941083
-0.366491 0.92565 0.0941083
-0.42389 0.900811 0.0941083
-0.479616 0.872418 0.0941083
-0.533449 0.840581 0.0941083
-0.585177 0.805427 0.0941083
-0.634595 0.767094 0.0941083
-0.681509 0.725733 0.0941083
-0.725733 0.681509 0.0941083
-0.767094 0.634595 0.0941083
-0.805427 0.585177 0.0941083
-0.840581 0.533449 0.0941083
-0.872418 0.479616 0.0941083
-0.900811 0.42389 0.0941083
-0.92565 0.366491 0.0941083
-0.946836 0.307646 0.0941083
-0.964285 0.247586 0.0941083
-0.977928 0.18655 0.0941083
-0.987712 0.124777 0.0941083
-0.993597 0.0625119 0.0941083
-0.995562 1.21921e-16 0.0941083
-0.993597 -0.0625119 0.0941083
-0.987712 -0.124777 0.0941083
-0.977928 -0.18655 0.0941083
-0.964285 -0.247586 0.0941083
-0.946836 -0.307646 0.0941083
-0.92565 -0.366491 0.0941083
-0.900811 -0.42389 0.0941083
-0.872418 -0.479616 0.0941083
-0.840581 -0.533449 0.0941083
-0.805427 -0.585177 0.0941083
-0.767094 -0.634595 0.0941083
-0.725733 -0.681509 0.0941083
-0.681509 -0.725733 0.0941083
-0.634595 -0.767094 0.0941083
-0.585177 -0.805427 0.0941083
-0.533449 -0.840581 0.0941083
-0.479616 -0.872418 0.0941083
-0.42389 -0.900811 0.0941083
-0.366491 -0.92565 0.0941083
-0.307646 -0.946836 0.0941083
-0.247586 -0.964285 0.0941083
-0.18655 -0.977928 0.0941083
-0.124777 -0.987712 0.0941083
-0.0625119 -0.993597 0.0941083
-1.82882e-16 -0.995562 0.0941083
0.0625119 -0.993597 0.0941083
0.124777 -0.987712 0.0941083
0.18655 -0.977928 0.0941083
0.247586 -0.964285 0.0941083
0.307646 -0.946836 0.0941083
0.366491 -0.92565 0.0941083
0.42389 -0.900811 0.0941083
0.479616 -0.872418 0.0941083
0.533449 -0.840581 0.0941083
0.585177 -0.805427 0.0941083
0.634595 -0.767094 0.0941083
0.681509 -0.725733 0.0941083
0.725733 -0.681509 0.0941083
0.767094 -0.634595 0.0941083
0.805427 -0.585177 0.0941083
0.840581 -0.533449 0.0941083
0.872418 -0.479616 0.0941083
0.900811 -0.42389 0.0941083
0.92565 -0.366491 0.0941083
0.946836 -0.307646 0.0941083
0.964285 -0.247586 0.0941083
0.977928 -0.18655 0.0941083
0.987712 -0.124777 0.0941083
0.993597 -0.0625119 0.0941083
0.995562 -2.43842e-16 0.0941083

0.998027 0 0.0627905
0.996057 0.0626666 0.0627905
0.990157 0.125086 0.0627905
0.980349 0.187012 0.0627905
0.966672 0.248199 0.0627905
0.94918 0.308407 0.0627905
0.927942 0.367398 0.0627905
0.903042 0.424939 0.0627905
0.874577 0.480803 0.0627905
0.842662 0.534769 0.0627905
0.807421 0.586625 0.0627905
0.768993 0.636166 0.0627905
0.72753 0.683196 0.0627905
0.683196 0.72753 0.0627905
0.636166 0.768993 0.0627905
0.586625 0.807421 0.0627905
0.534769 0.842662 0.0627905
0.480803 0.874577 0.0627905
0.424939 0.903042 0.0627905
0.367398 0.927942 0.0627905
0.308407 0.94918 0.0627905
0.248199 0.966672 0.0627905
0.187012 0.980349 0.0627905
0.125086 0.990157 0.0627905
0.0626666 0.996057 0.0627905
6.11115e-17 0.998027 0.0627905
-0.0626666 0.996057 0.0627905
-0.125086 0.990157 0.0627905
-0.187012 0.980349 0.0627905
-0.248199 0.966672 0.0627905
-0.308407 0.94918 0.0627905
-0.367398 0.927942 0.0627905
-0.424939 0.903042 0.0627905
-0.480803 0.874577 0.0627905
-0.534769 0.842662 0.0627905
-0.586625 0.807421 0.0627905
-0.636166 0.768993 0.0627905
-0.683196 0.72753 0.0627905
-0.72753 0.683196 0.0627905
-0.768993 0.636166 0.0627905
-0.807421 0.586625 0.0627905
-0.842662 0.534769 0.0627905
-0.874577 0.480803 0.0627905
-0.903042 0.424939 0.0627905
-0.927942 0.367398 0.0627905
-0.94918 0.308407 0.0627905
-0.966672 0.248199 0.0627905
-0.980349 0.187012 0.0627905
-0.990157 0.125086 0.0627905
-0.996057 0.0626666 0.0627905
-0.998027 1.22223e-16 0.0627905
-0.996057 -0.0626666 0.0627905
-0.990157 -0.125086 0.0627905
-0.980349 -0.187012 0.0627905
-0.966672 -0.248199 0.0627905
-0.94918 -0.308407 0.0627905
-0.927942 -0.367398 0.0627905
-0.903042 -0.424939 0.0627905
-0.874577 -0.480803 0.0627905
-0.842662 -0.534769 0.0627905
-0.807421 -0.586625 0.0627905
-0.768993 -0.636166 0.0627905
-0.72753 -0.683196 0.0627905
-0.683196 -0.72753 0.0627905
-0.636166 -0.768993 0.0627905
-0.586625 -0.807421 0.0627905
-0.534769 -0.842662 0.0627905
-0.480803 -0.874577 0.0627905
-0.424939 -0.903042 0.0627905
-0.367398 -0.927942 0.0627905
-0.308407 -0.94918 0.0627905
-0.248199 -0.966672 0.0627905
-0.187012 -0.980349 0.0627905
-0.125086 -0.990157 0.0627905
-0.0626666 -0.996057 0.0627905
-1.83335e-16 -0.998027 0.0627905
0.0626666 -0.996057 0.0627905
0.125086 -0.990157 0.0627905
0.187012 -0.980349 0.0627905
0.248199 -0.966672 0.0627905
0.308407 -0.94918 0.0627905
0.367398 -0.927942 0.0627905
0.424939 -0.903042 0.0627905
0.480803 -0.874577 0.0627905
0.534769 -0.842662 0.0627905
0.586625 -0.807421 0.0627905
0.636166 -0.768993 0.0627905
0.683196 -0.72753 0.0627905
0.72753 -0.683196 0.0627905
0.768993 -0.636166 0.0627905
0.807421 -0.586625 0.0627905
0.842662 -0.534769 0.0627905
0.874577 -0.480803 0.0627905
0.903042 -0.424939 0.0627905
0.927942 -0.367398 0.0627905
0.94918 -0.308407 0.0627905
0.966672 -0.248199 0.0627905
0.980349 -0.187012 0.0627905
0.990157 -0.125086 0.0627905
0.996057 -0.0626666 0.0627905
0.998027 -2.44446e-16 0.0627905

0.999507 0 0.0314108
0.997534 0.0627595 0.0314108
0.991625 0.125271 0.0314108
0.981803 0.187289 0.0314108
0.968105 0.248567 0.0314108
0.950587 0.308865 0.0314108
0.929318 0.367943 0.0314108
0.904381 0.425569 0.0314108
0.875874 0.481516 0.0314108
0.843911 0.535562 0.0314108
0.808618 0.587495 0.0314108
0.770133 0.637109 0.0314108
0.728609 0.684209 0.0314108
0.684209 0.728609 0.0314108
0.637109 0.770133 0.0314108
0.587495 0.808618 0.0314108
0.535562 0.843911 0.0314108
0.481516 0.875874 0.0314108
0.425569 0.904381 0.0314108
0.367943 0.929318 0.0314108
0.308865 0.950587 0.0314108
0.248567 0.968105 0.0314108
0.187289 0.981803 0.0314108
0.125271 0.991625 0.0314108
0.0627595 0.997534 0.0314108
6.12021e-17 0.999507 0.0314108
-0.0627595 0.997534 0.0314108
-0.125271 0.991625 0.0314108
-0.187289 0.981803 0.0314108
-0.248567 0.968105 0.0314108
-0.308865 0.950587 0.0314108
-0.367943 0.929318 0.0314108
-0.425569 0.904381 0.0314108
-0.481516 0.875874 0.0314108
-0.535562 0.843911 0.0314108
-0.587495 0.808618 0.0314108
-0.637109 0.770133 0.0314108
-0.684209 0.728609 0.0314108
-0.728609 0.684209 0.0314108
-0.770133 0.637109 0.0314108
-0.808618 0.587495 0.0314108
-0.843911 0.535562 0.0314108
-0.875874 0.481516 0.0314108
-0.904381 0.425569 0.0314108
-0.929318 0.367943 0.0314108
-0.950587 0.308865 0.0314108
-0.968105 0.248567 0.0314108
-0.981803 0.187289 0.0314108
-0.991625 0.125271 0.0314108
-0.997534 0.0627595 0.0314108
-0.999507 1.22404e-16 0.0314108
-0.997534 -0.0627595 0.0314108
-0.991625 -0.125271 0.0314108
-0.981803 -0.187289 0.0314108
-0.968105 -0.248567 0.0314108
-0.950587 -0.308865 0.0314108
-0.929318 -0.367943 0.0314108
-0.904381 -0.425569 0.0314108
-0.875874 -0.481516 0.0314108
-0.843911 -0.535562 0.0314108
-0.808618 -0.587495 0.0314108
-0.770133 -0.637109 0.0314108
-0.728609 -0.684209 0.0314108
-0.684209 -0.728609 0.0314108
-0.637109 -0.770133 0.0314108
-0.587495 -0.808618 0.0314108
-0.535562 -0.843911 0.0314108
-0.481516 -0.875874 0.0314108
-0.425569 -0.904381 0.0314108
-0.367943 -0.929318 0.0314108
-0.308865 -0.950587 0.0314108
-0.248567 -0.968105 0.0314108
-0.187289 -0.981803 0.0314108
-0.125271 -0.991625 0.0314108
-0.0627595 -0.997534 0.0314108
-1.83606e-16 -0.999507 0.0314108
0.0627595 -0.997534 0.0314108
0.125271 -0.991625 0.0314108
0.187289 -0.981803 0.0314108
0.248567 -0.968105 0.0314108
0.308865 -0.950587 0.0314108
0.367943 -0.929318 0.0314108
0.425569 -0.904381 0.0314108
0.481516 -0.875874 0.0314108
0.535562 -0.843911 0.0314108
0.587495 -0.808618 0.0314108
0.637109 -0.770133 0.0314108
0.684209 -0.728609 0.0314108
0.728609 -0.684209 0.0314108
0.770133 -0.637109 0.0314108
0.808618 -0.587495 0.0314108
0.843911 -0.535562 0.0314108
0.875874 -0.481516 0.0314108
0.904381 -0.425569 0.0314108
0.929318 -0.367943 0.0314108
0.950587 -0.308865 0.0314108
0.968105 -0.248567 0.0314108
0.981803 -0.187289 0.0314108
0.991625 -0.125271 0.0314108
0.997534 -0.0627595 0.0314108
0.999507 -2.44809e-16 0.0314108

1 0 6.12323e-17
0.998027 0.0627905 6.12323e-17
0.992115 0.125333 6.12323e-17
0.982287 0.187381 6.12323e-17
0.968583 0.24869 6.12323e-17
0.951057 0.309017 6.12323e-17
0.929776 0.368125 6.12323e-17
0.904827 0.425779 6.12323e-17
0.876307 0.481754 6.12323e-17
0.844328 0.535827 6.12323e-17
0.809017 0.587785 6.12323e-17
0.770513 0.637424 6.12323e-17
0.728969 0.684547 6.12323e-17
0.684547 0.728969 6.12323e-17
0.637424 0.770513 6.12323e-17
0.587785 0.809017 6.12323e-17
0.535827 0.844328 6.12323e-17
0.481754 0.876307 6.12323e-17
0.425779 0.904827 6.12323e-17
0.368125 0.929776 6.12323e-17
0.309017 0.951057 6.12323e-17
0.24869 0.968583 6.12323e-17
0.187381 0.982287 6.12323e-17
0.125333 0.992115 6.12323e-17
0.0627905 0.998027 6.12323e-17
6.12323e-17 1 6.12323e-17
-0.0627905 0.998027 6.12323e-17
-0.125333 0.992115 6.12323e-17
-0.187381 0.982287 6.12323e-17
-0.24869 0.968583 6.12323e-17
-0.309017 0.951057 6.12323e-17
-0.368125 0.929776 6.12323e-17
-0.425779 0.904827 6.12323e-17
-0.481754 0.876307 6.12323e-17
-0.535827 0.844328 6.12323e-17
-0.587785 0.809017 6.12323e-17
-0.637424 0.770513 6.12323e-17
-0.684547 0.728969 6.12323e-17
-0.728969 0.684547 6.12323e-17
-0.770513 0.637424 6.12323e-17
-0.809017 0.587785 6.12323e-17
-0.844328 0.535827 6.12323e-17
-0.876307 0.481754 6.12323e-17
-0.904827 0.425779 6.12323e-17
-0.929776 0.368125 6.12323e-17
-0.951057 0.309017 6.12323e-17
-0.968583 0.24869 6.12323e-17
-0.982287 0.187381 6.12323e-17
-0.992115 0.125333 6.12323e-17
-0.998027 0.0627905 6.12323e-17
-1 1.22465e-16 6.12323e-17
-0.998027 -0.0627905 6.12323e-17
-0.992115 -0.125333 6.12323e-17
-0.982287 -0.187381 6.12323e-17
-0.968583 -0.24869 6.12323e-17
-0.951057 -0.309017 6.12323e-17
-0.929776 -0.368125 6.12323e-17
-0.904827 -0.425779 6.12323e-17
-0.876307 -0.481754 6.12323e-17
-0.844328 -0.535827 6.12323e-17
-0.809017 -0.587785 6.12323e-17
-0.770513 -0.637424 6.12323e-17
-0.728969 -0.684547 6.12323e-17
-0.684547 -0.728969 6.12323e-17
-0.637424 -0.770513 6.12323e-17
-0.587785 -0.809017 6.12323e-17
-0.535827 -0.844328 6.12323e-17
-0.481754 -0.876307 6.12323e-17
-0.425779 -0.904827 6.12323e-17
-0.368125 -0.929776 6.12323e-17
-0.309017 -0.951057 6.12323e-17
-0.24869 -0.968583 6.12323e-17
-0.187381 -0.982287 6.12323e-17
-0.125333 -0.992115 6.12323e-17
-0.0627905 -0.998027 6.12323e-17
-1.83697e-16 -1 6.12323e-17
0.0627905 -0.998027 6.12323e-17
0.125333 -0.992115 6.12323e-17
0.187381 -0.982287 6.12323e-17
0.24869 -0.968583 6.12323e-17
0.309017 -0.951057 6.12323e-17
0.368125 -0.929776 6.12323e-17
0.425779 -0.904827 6.12323e-17
0.481754 -0.876307 6.12323e-17
0.535827 -0.844328 6.12323e-17
0.587785 -0.809017 6.12323e-17
0.637424 -0.770513 6.12323e-17
0.684547 -0.728969 6.12323e-17
0.728969 -0.684547 6.12323e-17
0.770513 -0.637424 6.12323e-17
0.809017 -0.587785 6.12323e-17
0.844328 -0.535827 6.12323e-17
0.876307 -0.481754 6.12323e-17
0.904827 -0.425779 6.12323e-17
0.929776 -0.368125 6.12323e-17
0.951057 -0.309017 6.12323e-17
0.968583 -0.24869 6.12323e-17
0.982287 -0.187381 6.12323e-17
0.992115 -0.125333 6.12323e-17
0.998027 -0.0627905 6.12323e-17
1 -2.44929e-16 6.12323e-17

